# Resource object code (Python 3)
# Created by: object code
# Created by: The Resource Compiler for Qt version 6.10.3
# WARNING! All changes made in this file will be lost!

from PySide6 import QtCore

qt_resource_data = b"\
\x00\x00\x00\x8b\
\x0a\
module ZYYMusic\x0a\
\x0asingleton Basic\
Config 1.0 Src/b\
asic/BasicConfig\
.qml\x0a\x0a# \xe5\xa3\xb0\xe6\x98\x8e\xe8\x87\
\xaa\xe5\xae\x9a\xe4\xb9\x89\xe7\xbb\x84\xe4\xbb\xb6\x0aZY\
YShortcut 1.0 Sr\
c/commonUI/ZYYSh\
ortcut.qml\
\x00\x00\x04P\
i\
mport QtQuick\x0aim\
port QtQuick.Con\
trols\x0aimport \x22./\
Src\x22\x0aimport \x22./S\
rc/commonUI\x22\x0aimp\
ort \x22./Src/leftP\
age\x22\x0aimport \x22./S\
rc/rightPage\x22\x0aim\
port \x22./Src/bott\
omPage\x22\x0a\x0aZYYWind\
ow{\x0a       id: m\
ainWindow\x0a      \
  \x0a        // \xe5\xba\
\x95\xe9\x83\xa8\xe6\x92\xad\xe6\x94\xbe\xe6\xa0\x8f - \
\xe5\x85\x88\xe5\xae\x9a\xe4\xb9\x89\x0a      \
  PlayMusic{\x0a   \
         id:bott\
omRect\x0a         \
   height: Basic\
Config.playerBar\
Height\x0a         \
   anchors.botto\
m: parent.bottom\
\x0a            anc\
hors.left: paren\
t.left\x0a         \
   anchors.right\
: parent.right\x0a \
           color\
: BasicConfig.co\
lorPlayerBarBg\x0a \
       }\x0a       \
 \x0a        // \xe5\xb7\xa6\
\xe4\xbe\xa7\xe9\x9d\xa2\xe6\x9d\xbf\x0a      \
  LeftPage{\x0a    \
        id:leftR\
ect\x0a            \
width: BasicConf\
ig.leftPaneWidth\
\x0a            anc\
hors.left: paren\
t.left\x0a         \
   anchors.top: \
parent.top\x0a     \
       anchors.b\
ottom: bottomRec\
t.top\x0a          \
  color: BasicCo\
nfig.colorWindow\
LeftBg\x0a        }\
\x0a        \x0a      \
  // \xe5\x8f\xb3\xe4\xbe\xa7\xe9\x9d\xa2\xe6\x9d\
\xbf\x0a        RightP\
age{\x0a           \
 id:rightRect\x0a  \
          anchor\
s.left: leftRect\
.right\x0a         \
   anchors.right\
: parent.right\x0a \
           ancho\
rs.top: parent.t\
op\x0a            a\
nchors.bottom: b\
ottomRect.top\x0a  \
          color:\
 BasicConfig.col\
orWindowRightBg\x0a\
        }\x0a    }\
\x00\x00\x00K\
i\
mport QtQuick 2.\
15\x0a\x0a\x0aRectangle{\x0a\
    id:leftRect\x0a\
    color: paren\
t.color\x0a}\x0a\
\x00\x00\x0c\x03\
\x00\
\x00J\x83x\xda\xe5\x1cis\x14\xc7\xf5\xfb\xfe\x8a\xc9\
\xe6\x0b6\xb0\xdaK\xbbk\xa5\xa8\x94$\xa32U\x01\
\x0bp\xecrR\xfe\xd0;\xd3\xbb;0;\xbd\xcc\xcc\
JZ\xb0\xaa\xa0\x0aH\xb8\x8c1\x09\x18\x1b\xc7\xa6\x1c\
\xb0\xc1\x06\x9cr\x0al0\xe2\xc7\x98YI\xff\x22\xdd\
s\xed\x5c}\xccJ\x22\x80\x87\xa34\xdd\xaf\xdft\xbf\
\xfb\xf5\xeb\x96\xda\xed!\xc3\x92\xf6[\xfb\xfb\xaa|X\
*\x17J\x9395\xd2V\x98E\xbae \xcd\xa4\xb5\
\x17f\x80\xa9\xca\x120%\xe7\x07\x1f,_(L\xc8\
\xa8\xdbE\xfa\x9f\xf7\xe4s\xb9\x89\x09\xc9>\xf5\xe0\xd9\
\xe3+\xab\xd7\x1e\xdbO\xfe9\xbc\xf2\xb3\xfd\xcbE\xfb\
\x97\x9fW\xef\x5c\xcd\xcd\xa3^\xbf'\x1d\xcbI\xf8Q\
\x95)\x09Y\x1dh\xfc\x09\xb5U\xdd\xe9q\xda\xbbH\
\x01\xda\x94\xd4\x02\x9a\x09\x9d\x06E\xed\x86_[H\xee\
\x9b\xe1\x86EU\xb1:SR\xa5Xt^;Pm\
w\xac)\xa9\xea\xbd\xcb\x1a2\xe1<\xd2Ty0%\
9\x9f)\xecC\xd3}\x0b\xcd\x92\x8e\x9c\x03\x83t\xe7\
\x05\xcf\xc8\x9d\x1by\xfafxj\x05\x07\xcd\xb6\xd7\x9c\
\xeeewT\xcf@=hX\x03\xa9\x89\x90&\xf5\x80\
i.\x22CyW5\xd5\xa6\x06\xc33\x0c\x00M\xcb\
P\xf5\xb6dB\x0d\xca\x16TfQ\x1fSv0\x8b\
\x14\x0c\x9e\xdf\xde\xa8\xe5E\xc0\xf7\x81.\x01\x7f\xf6\xd3\
]\xfb\xf3'\xf6\xbf\xbfY\xbfvZh\xdc\x9c\x06\xda\
x\xdc\x11C\x9e\x9aP\xbbm\xcc3\xa7y\xe2h\x07\
\xe9\xedv\x1f\xe1\xbfG\xd4BOo\xe7c\xcb[\x00\
\x86$\x8f\xa6\x8a\x89\xff\xd7\x80J\xc7pO0\xfb\x1d\
\x92\x9e2\xb7\x1dRK\xf8\xcb\xd2\xf2\x8e4\xd4\x93\xe5\
8\xee\xf5[\xd7\x86?\xddg\xe0^R\x01\xc6\x8d\xff\
1\xf0\x96FXWW>\xc2X\x19\xf8\xbaX\xac\xf8\
3\x0da\xb4\xcf~5<\xf7\x14\xd3\x80\x81\xf4\x10\x9e\
$P\x00k\xe9!\x8c\xc3\xab7\x87\xd7\xbfg\xa03\
\xd4&\xd4Y\xc8Bd\x5c\xff\xf26{\xc1\x1dL\xbb\
>b`\xabVG\xd8\xd6\xce\xfd\x87\x8dm\xa0\x0aq\
\xba\xfaF\x88\x80+\x0f\xd98\x15(\x80\xb1\x12\x22\xe0\
\xda\x85\x87\xf6\xa9\x1fXk\x86\x9a\xb3j6\xc6\xd0\x1c\
\x87'/b\x0e\xdb\x7f\xbf\xcd\x5c:6h\xccE\x87\
\xe5\xf0\xd2\xbf\xec\xaf\xbfc\xf1\xb8\xaf\x9a\x1d\xa6\xb2\x84\
\xd9\xf2\xe0\xac}\xe1*kn}\xa8\x03\x96\xc8\xbc\x11\
\x12\x19\xfb\xe1\x7f\xed/\x1f\x0d\xaf\xdc\xb7\xbf\xb8\xc5\xc0\
\xd9\x04\x87\xb0\x09\xb4\x02\xb4\x0e\xd6\x0fr\xaeQ\x91\xb1\
/\x81\xba\xb5\xc7\x82\xd8\xa8\x1f\xc0\xe6\x09\xd3[\x83!\
\xb3\x0bt\xb9\x83\x0c\xb3\xd0R5\xec\x05z\xc0\xc0\xd0\
A\xa7\x8c4d\xe0o\xfe\xbe\xac\x94\x95J=\x1ft\
4\xb1\xe1\x85F!\xe8\xafN\xe2?0\xd1\xef\xb9\x8a\
b\xa1\x11\xf4\x18@Q\x89?\xa9\xe4\x82&\xc7\x83\xfd\
\xb8~\xf5\xee\xf0\xfc\x99\xf5O\xee\x05\xed{\xba\xa0\x1d\
\x9ej\xc4\x8b9\x0ed\xc6\xd2#\xbd\xbe/*\x17#\
\xcd\xde4b\xad&\xea\x1b2\x0cS\xf4H\x1f[1\
W\x05#\x90>\x8d\x0c\x17\xbbK$\xf7\x8d\x0e\xb7\x17\
\x18\xd8\x99MI\xa5b*\x8c\x85z\x01&\xfc3\x0d\
\x86\x82\x05\xf5\x80\xacZ\x83\x18-\xf6\x22\xecD\xa7\x0d\
\x08\x0a\x84\xed@\xd5M\xa7E\xfa#\xe6@]\xc2H\
\x0a\xc5\x5c\x04M0 F\xe5TJ\x07\xc0\x09P\xa6\
\x0c\x05\xbcA\x0b\xd0\xd8\xad\x03\xec\xab1f\xcb\xe8\xc3\
\x04\x08\x09\x0bp\x00\x04\x93\x91J$\x1c\xf0\x9f\xe5\xdc\
\xe8'\xae\xd0`&c\x15\x8b\x0a\x80\x0cH\xdcP,\
\x94S\xa9\xaf\xc1\xd6\x88\xd9\xe4el>\x92\xc1>#\
w\x96*E\x1e\xb3\x130IQ\xdd\x7f\x80,')\
\xaaf\x17!\x22\xeb\x0e}\x85y-\xb6d\xd1eG\
T\xae\x98\x14\x84@I\x8b\xe3\x09\xc9nl\xd2\x0c\xd2\
/\xf7\x0d\x13\x19\x07;\xa0\x07\xa5]8|.\xcc#\
U\xb7\xb0\xe7{\x0b\xe8\xca\xac\xd3\x996|I\xb5R\
GO\x1b\x06Z\xa4\x0e\x0bD3I>\x07@@`\
)\xa1.\x0e\xfb\xf4\x14\xc8e\xbe\xb0\xcf\x02}\x01\xa7\
\x07Ii\x97\x9d\x8e\x98\x9cY*\xf6\x8b8\x93\xd0\xdb\
\xe1`\x99\xc3\xb10\xb7\xa2&H\x9f\xc7\x16\xc6J\xa3\
\x87\x13\xc0ZK\x98\xaamh\x91l\x06.Y\xdb\xf2\
e%\x9f\x5c$\x06+4!!\x05\xb0:\xdb\xd2\xfb\
\xbbX(\xdeA\xdb\x1a\xc5\x1d\xd2d:\x84\xa6\xea>\
D\xa3\xc8\x04\x99\xe4B0>\xe3\xa66\xf4\x89\x12\xfb\
w\xd0\x1ahD\x9e\x92>3\x0e)b\xcdf\x91\xd6\
\xef\xea)\x0c\xd6\x88\xf8\xcc!\xa3\x9b\xc6CO/\x9d\
7i\xe7\xe4\xa68 \x0a\x16\xfc\x9fz\x948\x1bm\
\x16\x12\xb5\x0cP\xc6;\xa2V\x8a\xb8/\x22\x86\xa5j\
T\xa8\x0e\xa0E\x86y\x1a\xefc\xd1\x0f\xc6\xa4\x98\xe6\
2b\x14\xadTS{}\xe5\xa0t'\xcd\xf6\x22\x0e\
\xbf\x06\xea\xa0\xaf'-\xb7\xff\x10\xd1\xd8\xebD\x83\xce\
\xbc\x0a\xf3\x06\xc4\xe6b\x01N\x9b=\x1c\xbe\xcd\xa9V\
\x8a\xa1H4\xbd\x835\x8e\xb2\x22\x9f\x98\xd8\xd0Z\xaa\
\x9c e\xb49\x15\x03Qg\x12:?\xb94\xfc\xf4\
\xf2\xb3G\x97\xa6\xe7\xe7\xd3\x97\x12\x84\x87\xadr\xab\xda\
jP\xd6\x8b\xf9V\xe8\xa9KP;\xa8\x1e\x85\x89(\
-\x02\xb6\xe8\xd1{\x8e\xbc\xbc\x09\xbb\xea\x0c\xd2\x14\xae\
\xe1\x8c\xbc\xe2`sx\xe6\xdc\xf0\xfa#\xfb\xe2\xc3\xb5\
\x95\xcb\xf6\xa9\x9b\xc3\x1b\xa7\xa32\x98\x12%\x87U\xaf\
\x87\xb3h8\xa7BMy\xcf\x00T\xcf\x17\xd6A\xaa\
\x0b\xac&\xd7\xea\xc7\xc7)d\x18E\xe3\x93\xe5ZY\
N\x923\x1au\x97\x12\xfdx\xed\x91\xc0=\x8f\xbdh\
>)<\xe9J(\x1c\xe8\xd1\x22\x9fR\x95\x09\x1a\x0d\
\x9a)\x0a\xe5\xabq\x8a\x16;\x9a\x8c\xd3\x1c\xca\xd4=\
\xeeyI\x13\x01\xa4\x82y\xf4\xabMNL\x04\x12b\
\x9f\xb9\xb0\xbdQ[\xfd\xec\xa4}\xef\x89\xfd\xe8\x16u\
\xac\xcfY\xdf0\xc1D\x92 F\xe9\xcd\xd3\xd6\x04\xed\
&\x99`,c\x98B\xa4R\x8d\x0b\xe9\x93D\x00\xd4\
7\x98\xf1`*eg\x8d\x8b+\xbb\x1dM\xcc&\x1c\
K\xb3\x00\x97s\xccn\x861N\x9aU\xce\xd2\xc9\x86\
\xa0\xb4]\xcaK\x0by.B\xcf^x\x22\x9f\x9a\x17\
\x06\xa6Y\x22vE\xa9+\x00\x96\xf8\x88\xe3&\xbbT\
\x11\x1b\x121\xdf{!6t]\x0e]\xc7\xa08+\
\xcfI\x84\xc9#\xd2\x08i!\xd7\xeee\xc8c\x22\x9c\
\x1a\xa5\x22S\x82yL\xa6\xe4$\xb2\xee\x96\xb4-\xb4\
\xbb<JA\xa0\xf2\x9a\xc0pW\xb0b\xc3Y\xc9N\
\x84m\x12\xc4i\xc7\xb8_\xa1\xe4I\xe2R\xc3\x93\xa9\
\x0c\x92\xc6\x0a\x12\xe2&\x92\xeb,(!O8\x1c\xa0\
#\xd9\x1c\x0f\x11\xc4\x16\x15P\x81U9\x9f\x85\x16N\
u\xaa@\xac\x9c\x13\x15\xb1\x1d\xb0\xa4\xf7\xbbMh\x04\
\xd0<\xeaEs\x19\x9c\xbcm\x92\xeb\xedi@\x86\x1d\
\x1c>\xbas!\x9b\xb7\xf7\xfd\x80\xd0\x8f\x0f\xf3\xa2\xa3\
g}\xea\xd5Z\xf5J]\xc9\xf3\xc9\xcc\x8a\x88SM\
l\x95\x0a\xeaz\x88\x99\x81c\xf88\xc6\x86\xc4c\xf3\
@Q\xbc \x8a\x06\xe6\x0b\xcd\xb4\xa6\xb6\xf5.$Y\
>Y\xe6\x1e\xbd\xd7\xb7\x0aN\xe3\xbb\x1cyj\x02\xf9\
p\xdb\xc0\x1a\x8c9\xeeFe4\xf5\xca\x1a\xbd\xdb\xf7\
O\xaf~ub\xcc\xd0\xdd\xab\x19\xbe\x14\xd1\xfb+\x14\
\x97g\xb3\x10>\x97\x1cq\xcbh\x1f*\xd5\xad\xb7\x0f\
\xae\x04\xfef\x8d\x03\xc4r\xe1\x06\xd6\xf1X5V\x92\
\xc7\xf1e\x8c\xf1\x85}\xc8\xe8\x02\x0d\x07\x9b\xf1\x8ey\
o\xe8\x0ba\x92r\xe3$Fa\xc9\xdd=\x80<\xb9\
-\x177\x12\x16l\x8e\xd3\xa7\xa5[q>\x92D!\
\xd8\xc2\xc2phb\x00\xf4C\xaa_\xeb\x9f\xa2\xf4\xb6\
\xfb@o\x86O8l$\x5c\x7fyBp.5w\
I\xbf\xe3\xc0d\x8eQ\xb3:\xd1\xb5\xbf\xdd\xb1\xcf~\
\xeb\x9e\x18\xb2?9\xbf~ye\xf8\xd1M\x81\x9d\xd8\
,\xee\xb1\x9c\xe2\x0c\xfe\xf2\xfe\xfb\xb3\x1d(\x1fn\xa2\
%\x0a\xbf\x89\x1a\x81\xbe\x85\x1c\xe2\xa4\xef*\x12\x04\x84\
\xd0\xc9\x1aFl\x872\xbcJ\xfa\xe6\xa3gC\xcbT\
L\x5c\x03\x9e\xa4?\xb1/\xc7\xf8n\x95QK\x1e\xc7\
\x0d\xbb\xdc)Q\xec\x06{\xb3I`{\xc8\xdb\xc7\xc8\
\xf171\xf2\xf6\xd3O\xd7\xee\xfd\xc0s\x94\x11\xa7\xc7\
\xf3\x8e\xa9\x8e\xaf\xccVJ\xbfJ\xbex\x88R\x15o\
xUq\x16\x16Q\x0b\xe5I\xaf\xfb-.df{\
6\x86M\xdb\x04\xbb\x16\xdf^\x90&^\x97\xc2\xcc]\
?\xfexm\xe5\x92\xf4\xfa\xc4&\xa7\xdd#y\xf3E\
\xea\xc3\xbc\xf4\x07)~\xe0\x047%e\x82\x8bRD\
\x82\xd7\xef\x9c_\xbb\x7f\x02\xaf\x90e>\x9e\x87\x10\x8f\
\xa4xp\xb4\xfb\xfc\xc4\xd8\xfb\xd8\xab,\xc71\x16o\
\x95(g\xf7\xce\xdeI\xde\xe8i(^~\xfb\x1c2\
\xd7V\xab\x0a&'\xf3c\x95\x1be'\x14\xdd\xa33\
e\xc4\xaf,2T.4\x19\xf2\x88\xd5\x14)\xa5\x87\
l\x9b\xd2\x81\x1e:\xb5w\x8e&\x8a\x14iy\x1a\x89\
\xb50\xf8\xd4\xc6\xd2~A}\x1bS\xc7\xe2z\xc5W\
'\xda\xd1\x16\x86,\x91\xb8\xd0\x80m\xd5\xb4\xdc\xacz\
\x0b\x0e\x09x\xd27\xfc\xf1[\xfb\xf4\xf9<]\x0d@\
\x1d\xc8\xcdZ\x12@ -\x17\x96\xb8@\xd8\xfc5g\
\x957\x01\xe1\x8a\xe0~Q\x05\x8ci+\xb7\xfe\xb8H\
#e\x1b\x0e\xf6 \xc0\xa3(\x84\xed\x22\x05j\xe1#\
\xfb\xf1\xe7X\xca\xb9\x10'm\xc6r\xb1\xa4&\x0f\x07\
\x0b\x8f\xdf\xbf\x7f\xfc\xb1\xf8\xdbM\xb4\x81\xe1\xce\xb9\x96\
\xf0\x01\xe4\xf8\xf3Az\xde\x80i\x05\xdb\x98\x9aSB\
\x15\x15\x22\xb4&\x92U\xa0\xcd\xf4-\x0b\xe9\xbcM\x96\
J\x8d\xbb\xc9\xc2\x00\x09j/\x0d*\x08v\xd6\xbeY\
\xb0\x0c\xa0\x9b\xae\x80\xe5Y\xf0\xbcC\x1a1s\xe3.\
\x97V\xbcm\xd5j5\xe0\x16o\xcb\xadJ\xb9\xd2d\
\xec\xb4\x88T\xf63yk\xf1\x1d-\xc1]\xad\xf0\x9e\
\x94\xa3Fo\x02\x0b\x14\xdc\x96\xdc\xd6\xd5\xfa\x85\xeb\xfc\
\x81Qf0\x85\x1f\x8coR\xedz4\x87\x97u\xdf\
lS\xc2e\xca\x91\x9f\x8c\x1bU)z*~&:\
\x06\xcc\xd8\xa4q\xfd\x15\xbb\x84\xb23=\x1d\xe4\xef\x9c\
\x09\xee\x8d\x85wi>>?<y1\xcf\x04\x0b6\
\xbf\xea\xb5z\xb3Q\xcfo\xe1\x964E189\xbb\
\xb7\x96_\x8f\x9f\x1d^\xbf`\x9f\xbd1\xfc\xe2\xc6\xf0\
\xfb\x95_\x8f\x9f\x13(\xb4\xd4\xab\x8d\x96R\xcfPh\
\xa1\x9b\xeb\x17`\xfd\xeb\x9f}\xbc\xfa\xcd\x89\xe1?\x9e\
\xae\xde\xbd\xf2[\x5c\xbf}\xf2\xe9\xeaw7_~*\
\x08\xdb?\xfcc\xf4\x16\xd5\xe7O\xec{\x0f\x9e=\xfe\
\xda\xd9\x98;3<w\xdb\xbb\x07\xec\xc3\x84\xef\x03\x87\
}I\xfc\xa8M\x04`)\x11\x01\x0d\xe2\x87`\x0b\x03\
i{\xbc\xc9\xb5\xae\xb8\xbd\x9ez\x19+\x06\x9d\xb4\xd0\
\x81u.G\xedh/\xbdB\x99\xb8\xc6<\xe2\x9es\
\x7f9\xe1\xc8R\xee);7\x9d\xde\xd6w\x9b2\xb9\
\x13\xf2a\xb4\x95\xc4\x14\xe6\xdb}\xcbT\x95\xd8\xcd\x9a\
pa\x91\x15\xc5\x06\xf1d\x99q8\x80ri\x80\x17\
5\xf2.\xe4\xa5\xe8W\xe4j\xe0\x1c\xc9\xe0\x89\xcf\xa7\
\xa4\xde\xb2\x7f\xf2\x12\x83\x8dw\xff\xcb\x07\xea:\xee\x11\
\x93\xa1\x91B\x05gF\xef\xb9\x8bLw\xda\x1e\xcc[\
\x9et\x04\x92K\xeeI\xd0j\xfa\xb2\xa6\xf6(\xa1L\
\x93\xb0\xcd\x9c\x81\x1d\xb0\xa0\x12\xca\x05t(\x1c\xb4P\
o\xda\x9aq\xfa\x93\x86)\xf5bF\xaaJ\x118\xd6\
\xd5\x820e)\x81J$>\xa8\xd1\x0e\xa41\xb3\xd2\
Pf\x9a\xb8\xa9\x14\xbajN\x0fM\xb3%j\xc9\xf5\
y\x1c\xa2/0\x91\x985\x98`\xbe25D6\xe6\
U,\xe3\x94\x14\xaaR\xa9\xd4\xabU'\x85\x8adp\
L\xb4\xfcs\xdbco\x8d\xa7F\x92e\xe1a\xd12\
!\x7f\x1c\xf3b\xcc8\x19d\x8c\xfb\xa5\x86\x10tp\
F\x5c\x0c|\xf3N\xc5\xd3\xd3\xce\x96\xc8!\xf3\x8d'\
\x9f\x99\x93PN\x0a\x99\xa1\xd2\x15cU\xf5\xffE{\
7\x82\x1bQ>qQ\x97\x1b\xc1\xf1\x0eLe\xdc\xa5\
\xddx\xad`\xcbx\xb5\xf5\xd4'\xbf| \x1b\xf5A\
\x11T\x81\xb2e\xd4_\xde\xc8\xdd\x8b\x8cU\xcf\xc0S\
\xbc\xaauO!&\x89\xdcA\xd95\x8e\xc2r\x10\x93\
\xdf\xb4\x13A,,\x8b\x02\x17\x86\x22\x88\x85\x8d\xfb\xf8\
W\x1d\x9es\x0d9\xa6\x0f\xcb\xb9\xe5\xdc\xff\x00\x98\xf4\
2\x1b\
\x00\x00\x02)\
\x00\
\x00\x09\x0fx\xda\xcdU=o\xdb0\x10\xdd\xf5+\x08\
M\xedB\x7f\x04i\x0b-E\xebf\x10P\x05\xb0\x11\
\xa0@7\x9a\xa2\xa5C%\x9eLQ\xb5\x93\xc2\x80\xb7\
.\x01\xbau\xcaX\xa0k\xe7\x22\x7f\xc7\x01:\xf5/\
\x94\xb2l9\xfa@\xd1\x186RN\xe4\xbb\xa7\xe3\x1d\
\xdf#\x05q\x82J\x93\xa1\x1ef\xc0?\x90>\xed\x9d\
ZP`6\xa5\x9d1K\x81\xdb\x96\xd5\xe9\xdc\xdd,\
W\xdf\xbe\xaf\xae\xbf\xfe\xbe\xbd\xce\xe7?\xbe\x14\xf3_\
\xcb\xe5\xea\xf3O\xcb\xd5\x22\xfed\x113\xc0wb6\
\x8fA\xaeW#\x9c\x15\xf06\x04\xd2@%\x92&\x8c\
\x83\x0c\x1c\xd2\xeb\x96\x18\x93<D\x95\xd2\x8fBi\xe0\
,\x1a\x08\xa9\x85rH\xc2\x94\x99\xd5\xe0\xc6W\x0a\x82\
P\x97\xe4\xf5\xaa\x9d\xe31\x15\x80tH\x7f\xb7s\xc4\
.1\xd3o@\x09\xae\x01Ml\xa8\xe9(\xe7^\xe0\
[1\xd1VItc\x16\x08\xb2k,\x1f\xa1(v\
\xee?\xab\xc03\xf0u\xd8@S\xcc\x14\x17\x0e\xb1\xa7\
\x8a;\x1d\x88\x83\xce4\x9b\x03C\x9a\xc8\xc0\xae0\xf7\
;\x8d|`~\xb6\xfa\xd2!<\xc2Tx\x98\xa5\xe2\
\x95\x12\x8cr\x94\x9a\x81L\xd7\x08yI\xba\xf491\
\x02\xd0n\xe5\xeb\x92_\xedr#c-g\x83\xb2\xad\
z\x02Q\xb4\xad\xb5A\x0a\xd1T\x7f&\xd98\x12&\
\xa3V\x99hPP\x0e\x22\xe3\xcb<\xde\xac#\x1fF\
\xa1i\x06\xfa\xc9\xd3Fta\xb5\xafv\xb3\x91\x91\x99\
\xc9 \x12\xd5\xd4\xa6\xbd\xab\x0c|\x16f\xacU\xe0\xde\
\x8b6\x81k(\xc7\x08\x8dJ\xb6VL\xa6E\xffU\
]\xc7\xa8|\xa1\xe8\x86\xf7:\xbfg\x03\x94\x13\x08\x0a\
\xe8\x02\x936\xfav3zZ\x89*\xe6C\x96:\xe4\
\xe4\xd0\xd617\xf9_\x8c\xf3\x10\xe7\xdcO\xf9x\xbe\
\x89M#\xef@\xfa8\xa3i\x883\x8f\xcd!\x86+\
\xe1\xefe\xa4#<\x07\xc6\x81\xf9{`<x\x94'\
\xe1^\xfaC<\x07\xbbt\xff\x8f\xa2 \xf7P\xf4\xaf\
\x92\xae\xdd[\xa4u\xe3\xa0U\xed\x93n\x9b\xda5\xb4\
\xa9\xb6\xe7\x9e\xbb\x9e\xfb\xfe\xec(ZoJ>\xf4\x1f\
\xa0\x99\xf7\xd1\xb4\xafI\x7f\x8e*f\xd1\x83o\xf2\xc2\
ZX\x7f\x00\xf4Lf\x00\
\x00\x00\x06L\
\x00\
\x00\x1bFx\xda\xddY\xddn\xd3H\x14\xbe\xcfSX\
\xe1\xa6\xdc8iC\x9b*\xa2\xa0\x10\x15\x81\x04K\x0b\
\xacv/\xb8q\x9dI2\xc2\xf1\xb8\x93\x09MXU\
\xda\x1fUm\xa1R\x81\x05Z\xc4\xee\x8aEh)\x8b\
@ \x10\xd0\xa6\x85\x97\x89cr\xd5W\xd8c;v\
\xecx\xec\xa4\xe9\xa2\xd5b$\x94\x9993s\xe6\x9b\
\xef\xfcMqY#\x94\x09\xb3l\xb6\x8a\xe5\xab1\xec\
k\x8a9\xa22J\x94\x8a\xd3\x1f\x17\xc5\xc4\x9cT\xc1\
r<\x16\x8b\xcd\x10\xad\xaa\x09?\xc4\x04\xf8p>#\
T+\x88\x9e#E\xacZ\x03Vw\x99\xe4%%#\
\x14$\xa5\x82\xac\x8e<.{\x9b\x05\x22W+\xde\x8e\
\x05\x9cg\xa5\x8c\x90J&\xadf\x09\xe1b\x89e\x84\
c\x9d\xb6\xac\x90\x0a\x9a!\x0a\x96\xeb\x19\xc1\xdaF\xfc\
\x86d\xab\x8c\xe4\xcc\x01K\x04\x06\xd2I\xd0\xce\x12\x07\
\xf5\x91\xca\xce2\x04\xbb^D2\x93\xd4\xa2\x82:*\
\x9b\x9f\xa4\xca%B+b\x01+\xa0\xa6&Q\x90v\
\x07e\xa2\x10\x9a\x11\xe2G\xc6\xf2c\xf9T:\xee\x0e\
\xcc\x11\x9aGTt\xc7\x8f\x8d\xc3?\x14\x18\xef\x9c%\
)N\xba#T\xcac\xf3\xc0\xa9\x98\xdb\x95H\x08\xfa\
\xd2\x9b\xf6\xc6\x8b\xd6\xdaj\xfb\xceK\xb7\xfflY*\
zUuP\xb6 8\xc5T\xdf\x80\x83\xd3X\xd2\xd7\
\xdd\xd1\xa0\xa7\xb7B\xaaTF\xa0\xf8<\x953\x09\x5c\
.&\xe6\xab5,\x11QS\x8bq\x9f\xa4\x03\x0f\xb5\
W\xb7\xf1\xb1[\xe1r\xe7%\x0a\x1c\xc8\x08\xa3I\xae\
\x0c#\x9a\xbb\x12\xfc\x0e\x93\x09Y\x85h\x92\x8cY\xbd\
\x0b\xc3y\x02\xb4\xcbR$\x89\xe6eKX\xadX=\
\xc2I\xc0=-\xc0|1\x19\xf3\xad\xe0N\xe8\xc1\xb6\
\x17_W. \x15I\x1a\xf7F\xc85D\xa7Ui\
NA\xb0(\xa3U\x14\x10!j\x0e\x88|\x15\x05L\
G\xb4t\x189\xea\x9b\xb1\x18\xeb\xfe\xf2\x92\xa7\xb5\xfa\
\xdcx\xf4\x93\xf1\xa0\xa1\xef\xddk=Zn?\xdet\
G/\xa3\x1a\xe30\x88a\xa6 s\xcc7\xc2\xa0#\
#\xccW.\xd3\x91\xb8w\xcd\xb8_\x0d\x87\xf4\x0b%\
\xcc\x90\x9f-\x05\xb8\x00Q\xc35\xa4\x5c\xc2\xd7Q\x80\
vC\x12`\x9c\xbf\x0a\xfc\x87\xaf\x9b7\xae\xe4`!\
D\xdd%{\x07B`\xd3\x1f~4V\x97\xf5\x97\xdb\
\xfa\x83\xad\xae\xcd\x81\xa3\xe0\x00\x86MS\xcc\xd9\xf4\xf2\
,\xc8\xf1WA{\x8c\xc0\xc0\xbd\x07q\x8e0F\xca\
\xfd\x90H\xf1\xd7\x02\x9e1,\x07p\xf0w\xfbm\x00\
\xceo\xac\xbc\xd6?\xfdb\xa3\xb0\xbf\xbb\xa2\xbf\xffk\
\x7fw\xad}\xefS\xeb\xfe\xb6\xbe\xf7x\x7fw\xd57\
\x81\xe7\x8c\x1ct$\xfc=V-\x81\xa0\x1180\xf4\
\xa8\xeeAn\xf4X\x8f}\xf2=\x94\x84kX\x0d:\
(\xf3\xab\xc1\x22\xe3\xd6\x99\xda\x8d\xcd\xcf/\x9f\xe8\xbf\
m\xc1i\x9a\x1f\x9f\xc2\x81\x8c{\x0f\xf4\xe5\x9d\xf6\xc6\
\xdb\xcf\xef\x7f\x0fL\x04/\x92t\xd8\xf0\xc7\xcf\xc6\xc3\
\xb7\xfa\xeb\xa5\xe6\x87\x17=V\xd7\x0b\x5csg\xcdh\
\xbc\x05\xf3\xb0\xb9cb\xb7\xb6\xa4\xdfz\xde\xed\xbf\xb3\
\xd6Z\xbfe<\xd9i\xdd_\xd6_l\x04\xa0\x0cr\
\xccAr\x9e\xe6H>\x84h^8G'#\xe1\x0c\
\xa0\x09,@V\x1c\xf2\xa0d\xec>\xd3_\xad\xb76\
?\x82\xa2\x5cH'\x92\xee\x91\xbb\xb8\xae\xbf\x01\x5cy\
@\xa6\x92\x1e\xd3\xf2\x82\x19\x10\xf6Ah\xd1/ \x12\
\xc66?N|\xca\xf9p\xe2\x80\xd1\x07+>\xfbf\
/\xca\xb0!\x9f~\x83\xba6\x0e\x9b\x1c\x0f\xeec\xcb\
\x8a\xfe\xf4\xa6\xd1X\x01\xb4]\x98\x9a\x1fn\x82Y\xf6\
\x12)\xc4\xc3{\x81*a\x95\x05\x1c\xbd\xd7\xe1\x9f&\
\xb4,\x01R\x96\x17\xba\x88\xe5R\xa4\xb4\x13\x1e\x9a{\
\x9f\x8c\xbb[\xc7%\xa1DQa\xeaJ\xbc\xc4\x98V\
\xc9$\x12\xe5*d\x86\xe2\xe8D\x0abq9q%\
~\xc2\xd8\xbb\xdd\xda\xfc\xb5\xb9s;\xabi\xc7\x13\xd2\
\x89\x88\xb8\xd2\x13_N\x99I&XB\x01\x17\xed<\
\xeb\x12\x82\xf8\x9e\x97h=T\xc3\xde\xf03\x9a\xea\x7f\
W\x1e&\xf1\x9cpTX\x8a\x14<xt\xe2\xf0\xb3\
\xc7\x1d\x88\x96\x1d\x0bSSS\x96)\x9f\x84\x03&\xcd\
\x04'\x1dBr*i\xe7a~\xe7r\xbf\x83fV\
\xad/\x94\x10\x0d1\x1aW\xb3\xac\x82\x8bj\x19\xd4\xeb\
L\xb5\xdagxq\xa4\x9b\xc9\x9c\xc3\xea\xd5\xac\xcc\xf0\
5\x89\x99\xf9L\xa1\xaaB\x83\xa8#\x0a\xf4\x1f\x0da\
\xa8\xf9\xcd2\x91hH\xfd\x96*\xd35X^\x95\x14\
\xa5nO\xe2NY\x1c\xd0\xa4\xfc\xd6s\xa3\xf5\xbe\xa1\
\xdfx$\x84\xa7tQI\xa1\xdf\xeb\x84\xaf\x11L\x0d\
\xfb\xfa\xa9`\x8e\x18\x02\xef\xb4\x89\xbd)\x14\x8ed\xa5\
D\x16\xb2*\xa4*&\xee\xa2\xd9:\xadHEa\x8a\
\x9f{\x86\xccb\x12e#a\xd0\x87\xe9V\xc3lH\
\xd5\xbau\xdfau\x8b\xee\x09Fq}\xfb\xdd\xe7?\
\xd7\xf4\x1b[\xc6\xdd\x86olF\xa2\xc0A\xa4\xb8\x1b\
\x87\xc4j\x9fr\x01\x09\x8d\x02\xab)\xabC)H\x14\
\xc19\xb1S\xe8\xf2\x18\xeb\xcd\xc78jY\xaau\x16\
\x8dR\xcdr\xd5\xe0\xa2\x10\x8bL\xcc\xbc:B\xa0\xeb\
TU\xfc\xe0V\xa0\xa4\x9c\x09\xbbC\xf0B\xe0\x83\xf8\
\x1e\x88\x91\x88i\x96\xeb\xe2N\xcbW\xa9%\x1d\xcc\xaa\
\x9d\x0fApP\x8b\x22\xabk\xe0\xdd\xa6\xed\xc6\x85*\
\xcbU\xe7\xb0<\x88\x83\xf8r@\xd6\x86\x83\xd0\x04c\
r\x08\x10'-\x14\x93_\x1d\x8c\xc31\xd1\x04#5\
\x04\x8aV\x18\xfd\xaf@\x0cV\x14\xb6\xf5\x1f\xb8\xae\x18\
\xe6F\xfa\x15\x1c\xff\x0e\xbb'\x0eG\xef\x89\xff\x0b\xbf\
\x0f\x88\xe6p$O\x1d\x8a\xe5\xa9\xaf\x14K+5\x1e\
\xcei@*m\xbe\x12\x8e\x1d\x1cQ\x98$\xf8\x9fw\
\xbf(\xa6\x83<\x06\xb6\x7f\x5cm\xdd|\xa6/\xbdk\
6\xee\x9b/9\xbb\xebv\xb1\xd5\xefI\x90\xb0R\xe7\
\x012\xf2]0l\xf9\x13!\x8f\x84G\xd2\xe3\xe9t\
\xba\x10\xfdL8\x9a\x8aq\xdf\xb5\xecz\xcc\xad\x9c\x22\
\xde\xc8\xec!\xa72\x1b;\xec\x83\xe1\xc0\xcf\xc5\xc3>\
\x04\xc7\x0e\x9c\xe0\xcbUZ\x81\x1a\xb8$iP\x00\x9a\
E\xd3\x0c\x81\xd2\x1e\x08sFR\xf39kp\x10+\
\xec\x97\xac\x07\xb6\xc9RJ\x16\x0e\xb2\xbe\xfb\xa2\xcd\xdf\
\xc0\xcc\xbcw\xb7\xf5e\x88a\xaf\xe0\x87\xf1\xf7\x06\xbf\
\xa8p\xe9h\xbf\x87\x9b%\x22'\xf5\x1f\xcc&l\xba\
v\x1e\xc8-\xd2\xf6\xec|\xc1\xbf[\x94ut\xff\xb2\
\xe5\xd9g1\xb6\xf8\x0f\xba\xc8\x86\x96\
\x00\x00\x08\x14\
\x00\
\x00)\xfdx\xda\xedZ[s\xd3F\x14~\xd7\xaf\xd8\
\x9a\x97x(vl\xe7\x86\xd3\xd0IR(\xcc@)\
\x84)\xcf\x8a\xb4\xb6\x97\xc8Z!\xc9\xb9\x00\x99\x09C\
\x81@)a\x80pk\x98\x06\x1ah\xc8\x0c\xd7\xd2p\
\x87?\x13)\xf1\x13\x7f\xa1\xbb\xbaY\x8au\xb30\xed\
t\x06\xf9\xc5\xab=gw\xcfe\xbfs\xce\xaePU\
\xc2\xb2\x0a\x0e\xa8\x07j\x88\x1b\x03\xf9L\xae\x9bA\x9e\
w\x99a,\xaa2\x16\x14\xfb}*\x93\xc9\x8e\xb2\x0a\
\xe2R\x0c\xb3G\x85Up\x9c\x01\xe4A|Q\x81\xac\
\xccU\x8c\x16+r\x15,+\x19\x01\x96\xd4\x22\x90X\
\x19\x8a\xaa\xd1h\xea\xdd\xc7\xcae$\x16A\xae\xd3\xe8\
\xaa@T\xae\x10\x96\x1e\xb39\x81x\xb5R\x04\xf9\xce\
N\xc6h\xefE\x8a\xba\x0f\xf3P\x00\xc7\xe9\x8c\xa0\xa6\
@y\xc4\x98v7\xe9\xc1\xf2\x14\x986\xe8$\x19K\
PV\xa7\xc0(\xc6\x02@\xca\xceI\x89\x15yH8\
J\xac\xa0@\x00\xb2Y\xa0_\xfcS\x9b]\xd5\x9e\xce\
kog\xb2\xfa\xd5\xd5\x8d\xbf_\xac\x9f_\xd5gN\
\x9aS\xfd\x88\xa5\x9ad\x09g\x09\x08L\x09\x8d\x1e\xe7\
\xfdd\x11t:\x8d)GXS\x10\xb0\x0dt;\x9d\
\x960U\x16\x8d\xc1\x12\x14\xcb\x19\xa2Q\x01qH=\
L;\xc0Vp\x14\xb1\xe2\x11$\x1e\xc4\x13M]\xe6\
\xccT\xdf\xde.gp[q\x85\xbe\xc6j\xaa\x98g\
\x05Kd\xe7%\x8f\xaaE\xa0\xca5\xc88\xaf\xb0\xb8\
_\x82\x22t\x04\xdc\x85\xa0\xc0gJX\xe6\xe0 \xa7\
\xa2q\xb8\x0bs5\xa5#\xdd\xe0\xe0\x88S\x10)\xe9\
z\x8a\xe0 \xe4TV,\x0b\xd0\xa5-\xb7\x99KH\
\x10l\xbdx\x088,`\xb9\x08R[\xf2|\x9e/\
\xf4\xa6<\x9d\xa3X\xe6\xa1\x9cqh\xba\xba\xc9\x0f\xfa\
\xd2X\x8a\xed\xcc\xf4yze\x96G5\x85\xa8\x84\xf1\
\xbc\xa6\xa6\x9f\x7f\xbe\xf6rE{\xfbj}\xe5\xba6\
\xf7X\x7fsK;\xbf\xec!\xdaET<\xc6\x8e6\
\xc9\x14K.\x97\x86v[f\xb1\x9a\xc3X\xa8UE\
\xc7\x84f/1o\xbe\xb3i\x80Q\x5c\x13ye\x08\
V\xd8qD5\xe0\xac(\xf3\x9d\xcc\x96\x07E~\xff\
8\x94\x95\x0a\xc6\xea\x90A\xd9\xbc\x02\x01I\x9b-m\
?\xe6:|d\xb3=\xdd\xb3^_*K\xe9\x96\xbb\
Ox\x9c\xd1\xfd(\x12\xcb!\xb1\xec\xec\xf0 m\xaa\
Xra\x81/\xa9\x0bn\x02\xd6]1Q\x80\x12\x06\
\x92\xc5]\xb8gWu3\x814\x87\xe0\xa4\x1a\xb2*\
\xfa\xa8\x84\x84\xf8\xb0~ia\xfd\xf9]\xed\xe2\x19m\
\xeeY*\x94\xc1\xf2\xfa!\x8a\xb3\x04\x80K\xa8ln\
\x84\x11H\x0c\xc3\xb3\xf2\x14\x9d4t\x84\x121`F\
B\x93P\x18A\xc7 \xd1io(y8`\xc7\xe1\
\xda\x04\xe4Q,\xc4yU\xc4\xb1\xc20\x99\x08\xca\xce\
\x94\xde\xd7\x81#M\x07\xf6d\xb3\xfa\xcb\xd3\xeb\x0f^\
\x07\x12\xec\xa9\xb2e\x18a/\xcbEr=\xa1T\xb6\
sD\x90\xd9\x12\xcb&\xb5%\xa8\xd1\x8a\xcfgk7\
\xffoh\xd7\xd8\xb6\xb8F\xe0\x9f8\xedQ\x99+f\
Q\xb5\x9c=Jv\xf1\x18&aK\x12\xcb)&\x94\
y\x1f&\x81yP\x86,\x09\xd3~h\xd9OB\xce\
0\xc53\xe8\x17\xc33\x9c@\x9a\x1d\xe9\x10+\xfb\xf7\
\xf8\xbf%\x1ea\xec\xbb\x8dGO\xb4w\xf3\xbe$\xbb\
\x04<\x11\x0bX(a[\x80\xa5\xf5\xfd\xe6\xb7\xd7\xfa\
\x98v:\x9d\xaf\xc3\x05O\xe1\x00{_\xb03\x1c\x84\
\x12d\x89\xabE\xec\xb7*M\xe9|<!\x94\x89\xb0\
\xc02\x19<8\x01\xf1{\xec\xa4\xa0+\x92\xd2\xc9<\
\x0al\x81\xed\xeaNE2\x8c#\x05\x91\xf8\x5ct\xe5\
\x9b\xe0\xc4\x09\x80\xc8\x9fI\xf0\x0d\xe8a\x22G\x88\x11\
J\xdcA\xdar\xca\xc8X\xe0\x09C\x0a\xb1\xd9\x0fl\
\x15\xc6\xe2\xb0u0QA*L\xc5bi\x0a<\x85\
Xl\xb6\xf3q\x064\xed\x11\x03\x13\xab6\xc5\xa1P\
\xa7\x8f\xc1;\x1dmM\x0b\x0f\x5cVjJ\xeb\xf3\xd1\
\x13\xd9Q\xc6o\x183\x7f\x8c\x1c\xc2\x05\xc7-\xe9$\
4\xc1\xf5{\x5c\xa8~\xdcSKP\xcf\x03\x03\xb6\xeb\
\xf5\xbb\x0b)\x82\xf6X\x81\xa1h\x1f\x1d\xf5\xc3{C\
lE\x8a\x01O\x05\x08\xf4\x0b\xe7\xea\x97\x1f\x85\x00Z\
<\xa8qr\x83\xde8\x89F\x84\x1b\xc4\xc3\xac\x96\xf0\
\xca\xc1*\x9f\xe8K\xca\x09\x15\xec\x88\xc2\xab\x98Xe\
\xa6\xbe.D\xfc\x16\xa4\xc6S\x80\xacsG\x8ai3\
\xfc$\x80\x9eD\xb03\x1d;\xfba>\xcbV\xf3l\
3\x97j\x07\xc0W\xaeV\xf2\xdd\xd2\x82\xccd\xff\xac\
\x9fzH\x12,\xfd\xfe\x82>\xffD\xff\xf5\xd1\xc7\xb7\
\xb3\xfa\xd5\xf7\xda\xc2\xb2\xb6t\xad~\xfb\xee\xda\xbb\x85\
\xb5\x97\xaf\xb5\xd3\xcb\xda\xd3\x19\x9b\xe0\x9c\xefP\xae\xb3\
\x1d&4\xeaa\xd5t\xd8\x11\x02'\x94ao 9\
\x1dr\xa7\x00\xabD\xa9\x14\x90,\xf8\xa1\x95\xd8\xa9\xbf\
6\x9e\xdeY{\xf5\xcb\xda\xcb\x87\xa9\x10]\x04\x0eP\
\xffm\xb9~\xf2J\x22V\xed\xcaJ\xfd\xec\x85\xfa\xa9\
w\xfa\x8d\xc7k\xef\x16\x93\x8dq\xfa\x9e>;\xa7-\
\xad\xe8/\x9e&\x1a\xe0P\x85UA\x19\xc9B\x22\xee\
\xf5\xe7\x8b\xf5\xbb\x0b\xc9V~\xef\xd5\xc6\xe3\xe7\x89X\
\x07\x87\x86\x13\xf1\xf1\xec\x94@\xd18\xa1\xa6W\xd7\xde\
\x5cK\xc4\xfa\xc5\xc9\xbe8Y;\x9c,\x0e\xf4.\x9e\
\xad\xdf\xbd\xc1$\x88\xd3\xb4\xb6\xb5\x015\xb4\x90\xb0\xce\
\xb0\x9c)\x83\xc3\xf1\xa7\x1d^\xb5pp\xd5\x9e\x22:\
 \xd9\x8f\xd2\xba6{}\xe3\xce\xb2/M\xe8\xe9j\
\x9c3\xd1f\xe1<6J$c\x9bj\xf4\x16\xa2\xef\
\xa6\x22=\xf4\x88\xc5O3\xed,\x97M\xef\xed0k\
\xf1\xad \x97\xfe\x9c\xb5\xac\xb5\x01\xec\xc2\xbf@s\xde\
-\xa5R\x17\xdfU22\xdf-}\x1c\xfd\xa5\xdaQ\
d\xb6\xac\x83\xff\xa0\xfe\x8f\xc5\xd7j\x91\xfaI\x85\xea\
\xe6,:6\x93\xe1\xa3M\x85mkJ\xf5\x8e\xe3)\
\x82c\xf3O3\xed\xa1jw\x91\x10\xfe\xa6\xd12\xff\
Y\xfe\xed\x85\x06\x9a\xe37nB\x990\xccl\xed\xb8\
\x9b\x89*\xe2\xedc\x7f\xef\x99\xa7]\xca\xe7\x83n\x17\
\xe3\xc4\xbe\xc3\x04\x0c\xf0\xc4A:\xd2P9\xf4\x9e\xb3\
\xd0\x93\xef\xc9\x97\xc2\xee9s\xde\x0de]h4\xd6\
Y\xe8o\x9c+\xf4\xfb\x1c\xe4\x1f\xab\xe1#D\xbf*\
\xae\x19G\xf9\xfd\x81Ep\x93\xbd\xcc\x00\xb8\xf1\xfe\x0a\
M\x0d\xef\x9caB.\xe6\x1a\xd7\xe5M\x97q\xceB\
\xbb}\xb5\x9f\xdf\x84\xfcaG.\xb1\x00\xa0LME\
:\x8a\xe0{\xeb_\xc0\x86\xb7\xbbGT,\x11\x85J\
XA*\xc2D\x1dD\x8d\x8d\xbb\xea\x5c\xbe\xaf\xc0\x07\
\xe5j\x81C\xe4\x5cC\x14\xfa\xf2=\x85\xeeT\x8c\xed\
\xe2kh\x97jIB\xd5\xdf\xd0gg\x84\xe1\xc9\x1b\
\xa5\x867\x19\xbd)y\xeaom[m^%\x0dH\
{D\xa9\xe6\xa7d\xe4\xfd\xc4\x80\x09\xb9\x0bvf#\
\xff\x03\xe9F\xb1\xaa\xe2\xaaCj6\x99O\xb9\x0b\xf1\
j\xa5\xa1\xe5\x18\xe4\xce\x15\x1d\xd3b\x14\xb5\xf59H\
\x0a\x08\xb1j8\xaa\x91\xe5\x19\xed\x9f6\x83W#|\
\x0dr\x1c\x94\xd4\xe0\xf8\x85J\xa0\x83\xc6\xa7\x8c*\xa3\
jG:\x1d\x12\xe6\xe87\x11\x7f\xcc\xe8\xbf\xdf#\xe5\
\xa2v\xe9\xbe\xf6\xe2\x99\xf6\xf0\x86\xb6\xb0\x1c\xc80\xce\
\xca\x00N\x92zF!\xd1\xcf\xfb\x81IsB \x83\
\x0eJ\x8f\x08)\xf1KDR\xa2\x80SG\xd2\xb9u\
k:\x22\x1cS\xb1\x9a\xf9\xcbP\xed@\xe9\x8c\x1d\x88\
\xc1\xc0\xc0\x80\x91\xf0\xa4c\x04wG\x10\xe3c\x89(\
\xeaQ\x92\xa3\x8c\xb55l\xdaR}e.$j\xc9\
\xd9\xac>w\x99\x22\xb0q\x9c\x16J\xda\xac'$\x92\
WjG\xe7\xd7\x9e\x0a\xd4Hc\xa6\xd3\x11\xd3\x02}\
aF[\xba\xb5\xf6\xe1\xf6\xfa\xfc\xcd\xed\xfa\xed;\x1f\
\xdf^\xd8X=\xbd\xf1\xe1\xac6{S\x9b]\xac\xdf\
\x5c\x22\x14\xfa\xf5\x07\xeb\xb7~N`B\xfb\xe0y{\
\x1c\x9b5\xb3\xcb\xb0\x8a\xc7a\xe0\xb8\xdb\xa2\x92\xfe$\
V\xb3\xd2\xbfTpj\x1c7\xc9k1\x16\x84e\xcb\
\xb1\x82bd\xf6k8\xa4{\xf5\xd6\x95A\x98q\xdc\
\xe4X\x82bbY}\xa4\x0eJ\x03hLq>\xa9\
\xf3K(\xf2\xbd\xfe\xd9G\xef\xff$\x9d\xcb5\xa2z\
\xce/\xaa\x0b\xb5)$\xb6\x9a\xc9M3\xd3\xcc?j\
oG\xd1\
\x00\x00\x03G\
\x00\
\x00\x10\xe5x\xda\xcdWMO\xdb0\x18\xbe\xf7WX\
9\xc1%i\x8b\xc6X.\xd3V\xedP\x09\xa4B;\
\xeen\xe2&\x1ei\x1c\x1c\x87\xf2\xa1J\x88\x1d\xa6\x09\
M;\x0di\x13\xa7\x89\xd36q\x9a\xa6i\x8c\xed\xcf\
\xd0\x16\xfe\xc5\x9cOj\x12\xda\x82\x12\x0d\x9f\xe2\xf7}\
\xfd\xda\xcf\xfb<\x8em\xdcu\x08e`\x95\xadzX\
\xdb\x00U\xb9\xf2\xa8\x84\x05\x9b\x5c#6\xa3\xc4rc\
\xbb$\xcbJ\x1b\xbaX\x93\xc6-\x8c8-\xcc,$\
\x95\xea\x0cu\xc1^\x09\xf0\x86u\xd5s\x11]&\x06\
\xb6\x03\x03\xb45\x93PW\xa6\xd80\x99\x0a\x1cH\x91\
\xcd\xc2^\xda\xbf\x02)\x1f\xa7\x82\xeaR9p\x9a(\
\x1c\xb5\x18v{Xg&\xf7\x96\xcb\xa5\xa0\xff2\x9e\
\xa9A\x1c\xcfI/ 0\x07\xd6~8`\x8d\xf4\xc2\
\xa8\xf1\x99\xb7\x10eX\x83V\x8d/\x0c\xd1d\x89\xa2\
9\x19\xe5:P\xc3\xb6\xa1\x82J9\xb1)\xca\xe0\xe4\
\xfb\xe0\xf5\xfb\xc4P\xefB\x03\x81\xeb\xa9\xa2\x85\x81\x1e\
\xc2:\xb2\x0d\xcb\xabw\x0d\xc1\x19\x03\x0d\x10\x0a\x9e\x18\
\xf3\xa2`u\x89G5\xa4\x02i\x93j\xaa\x82\xbb\x86\
\x92\xa4\x96\x1d\xdb\x90\x84\xe0\xfb\x01\xf5\x1b\xf1\xc1\xb2\x1d\
q\xe1+\x84\x17\xf8\x19EP\xd6\xb8N \xb6\xdd\xc0\
\x02\x9e\x82\xb2\xfc\x18\xf0\xc2\xc8e!I\x12/\xd6#\
\xab&Ih*2\xc6\xd0\xc1\x96\x15\xaf<\x15d\x12\
\x8e\xe5\x85\x0d\xdb\x16\xe2\x89\x19\xf5P*DQ\x00\xb1\
k\x16W\xb9\x1f\xb2\xd7\x17\x02\xae{\xfd1n\xc1\xf0\
\xf8\xcb\xe8\xe3\xd9\xe0\xfc\x03\x18\x1e\xbd\x19\x1e\x7fK|\
-\xb4\xcd&\xb1\xec\xfb\x05/\xe3\x06\x15l\xba-:\
'%Y\xa5\xf9)5\xf7\xd3\xdc\xb5\xe8\x1a\xb1\x08U\
\xa5\x9e\x89\x19\x12\xd5\xd0\xe1\xe3e\x07o#\xab\x89w\
\xb9\x84*\x0b9\x89eV\x9e\x058\x85\x11=\xcer\
\xca\xe97\xf1/!\x13\x07\xd9s\xf3\xa9\xc8Y\x04\xb2\
\x85\x9d\xa4\xb7\x864\x069J\x94\x92\x05\x8f\xf2\x9d\x99\
\xdb\xbe\xba\x90\xb5\xe7\x97DJ)\xd4\xb1\xe7\xa6\x08\x0b\
\x99\x06YT\xdf\x9f\xcbe\xd8FV&\x8f\x1cFJ\
\xd6\xd7\xd2\x96\xd6\xeb\x8d\xc1\xef\xfd\xab\xfdO\xd2\xcd\x08\
\x0buX\x03\xea\xba\xff\xf3\xac>I\x8dO\xc9\xb2z\
\xab4\xee\x0eG\xd8W\x11\x82\xbb\xee\xa8)\x12\x8fe\
~3{f\xe0L\x22\x9fQ\xe8S\xffj\x93d<\
A\xb2\x82>\x17S\xae\xecsI\x10j\x10\xa2\xa4y\
\x9c\xa0X\xbf\xb5\x09\xd5\x11\x95\xa3\x098\x199\x0a!\
{\x03_\xfc<\x1c\x1e\xbe\x9dxz\xdfR\x89YO\
\xe7m\x0c-X\xc8\xc9\x1cf\xce\xe3$\x0e2=\xa4\
\x83\xf7\xea\xe0\xf4\xe2\xecG\x91\xb4\xec\x10\xef\x15\x86v\
!\xc4\xc4\xb9\xf3\xa0&\xca\xf5\x90\xc8\xb9<\xfd3:\
?-\x92\x1c\xd7D\xbb&.\x84\x9b(u\x1e\xd4\x84\
\xa9\xfe\xdf5\xa6\xcb\x014\x19\xd46\xd61\xea\xc9\x8e\
\xe7\x9as\x92\xd2\xa4\x9a\x12<\xa8\x1a\x9c\x15\xc5\xf5\xdd\
\xc1W\x131\xc6\xcf_y\xb3kI\xf7\xbb\xeb\x0c\xdf\
}\xbe<8)\x92v\xd3\x83v\xa7\x98WL\x94:\
\x0f\xda\xc3T\x0fiC\x8e\xbe\x1e\x8d~\xfd\x9dv\x11\
\x8dX\xa8d3\x96\xf5\x86\x00\xcf\xfd\x97\x7f\x8d\xd8\x1d\
l\xc8\x81\xa9E\x9c\x1c\x98\x89\x9e\xe4!\x04\x8e\xf7\xc6\
\x82\xb9ebA#\x7f|\x97\xa0H\x97b{\xbf\xd4\
\xff\x07\xea\x88s\xb9\
\x00\x00\x06~\
\x00\
\x00\x1b\xcex\xda\xc5X\xedo\xd3F\x18\xff\x9e\xbf\xe2\
\xe4\xed\x03H\x95\x9b\xa4IUe\xaa&({A\x1a\
Z\xa1\xec\xd34\x09\xd7\xb9$\x16\xae\xcf\xd8\x97\x95R\
E\xea$\xd8Z\xda\xaa[\xa9:\xc4`[;4`\
\x12\xe5U\xacam\xf7\xc7\x80\x9d\xf4\x13\xff\xc2\xce\xe7\
\x97\xd8\xbe\xb3\xe3\x94J\xf3\x87\xc4\xbe\xe7\xf1\xcf\xf7\xbc\
?\xcf)3:208\x8f\xcf7\x15\xf92(\x8a\
\x85rN\x89\xac\x89\x13H\xc3\x06R\xcd\xf8\xfa\x19E\
RQ=X\x16DqxZ2\x15Y\xc8\xe5&\x91\
\xde\xd4\xc1|\x0e\x90K\xa9V\x80\x8cTd\xd0E\xba\
4\xabTq\xa3\x02FF\xf3\xf4\xb1\x01\x95z\x03W\
@\xd1{\x9eAUI\xad\x00l4!}\xae!\xb9\
i\x86\x9e%Mn \xc3\x14e\xa8ah\x9c\xd5*\
\xe0\xcbo\xa1\xa1Js\x22r\xff)\x17\xfd\xd1\x0d\xa4\
C\x03\xcf\x01\x13\x1b\x8aV\x07:\xa1Na\x09\xc3\x0a\
\x10j\x8a\xa6\x98\x0dX%\xfb\x8d\xb0\xd2\xcd\x02\xb9i\
\x18\x04\xff+}\xc2y\xac\x80\xd3\x8ehD\x155\xa5\
.\xfao~1g(\xb2\xe9\xb1\xa4\x80\x9cA\xb3Z\
_\x98\x80)\x05\xe842\xaa\xd0\xe8\x0b\x15b\xeb\xa9\
\x02i\x93\xbe\xf0\x13\x0dI\xabCb\x17\xd7B\xd4J\
5p\x22P\x0e\x18\x1f\x1f\x0f\xe9\xe7d\x88\xcf\xb9\xa2\
\xaa\x01\xe3\x19u\x13{=\x907\x15 \xaa\x95\x18D\
H\xceT\x90\xb8>\x9c\xab\x05\xa0j\xc2A$kj\
\x9f\xbe\xaflq\x88#J\x17\x87\xe1\xca\x97\xeb\xfd\xd2\
\x9fiI\xbe\x5c7PS#v\xbf\x00eL\x5c@\
\x0d\xcb/\xbb^%|P,\x17G\x8b$\x8a}\x82\
!U\x15'\xfe\xc6\x82\x95i\xfa=\xd1\x0b\xe3B|\
=@\x1a\xa9\x95F\xcay!\xbe\x93\xe1ap\xb8}\
\xb7\xbb\xf4\xfcpa\xc9^~d=iw\x9f\xdc\xb3\
\xb7\xbe\xa7D*\x85\x9bZ\xc2\xee\xe9'\x11\x97\x12\xac\
c\x05\xabN,\xbbH.jo\xe7H;%\xcbP\
\xc7QW\xf7\xb6`\xff\xde\xb6Ww\xac\xfd[\xd6\xd2\
*y\xfd\xed\xee\xe3\xce\x9d\xeb\x9dg\xffX\xbf.\xdb\
\xbf\xbc\xb47\x9f\x92}Y\xaf7\x5c\xcc\xc8\xcbN\xac\
x6\xfa\xa4\xaa\xe0\x8bs\xba\x171M\x9d\x89\x95@\
\xb34\xfb\x89\x8c\x83\x85\x84\x12M\xa8\x12\xbb\xc0*\xeb\
\x11\x9e\xb3&~\xb8J\xfc(\xe3\xa7\xc3\xaey<\x1f\
w\xad\x9e\xf1\xf3Q\xa7\xce\xb8\x81d\xa7&vt-\
h?\xfe\xc3\xba\xfb\xb0\xb3\xb7\xd9=\xf8\x89\xd8\xd1\xb5\
\x9akMn!\x88IB\x5cH\x88\xa2\xaem\xda\xaf\
\x16\xed\x95\xa5\xc3\xf5\x9dw{\x8b\xd6\xda\x8b\xb7\xbb7\
\xbb\x0f\xd6\xdf\xed-Q\x96s\xa8i\xc2S\x06\x94B\
R\xfbu\x09#\xbd\x02t\xc9\xc1w\xee\x19\xba\xe1\x96\
;\x8f\x83>\xf10\xceIF]!\xc5\xadP\xe4#\
p\xe8^D\x16\xf3\xc1JP[\xf3\xa1\xa8\x98PI\
\xfd\x86\x91\xba,\xca*2\xe1\x89\x93\x01Wpsv\
F\xaa\xc7\xf3$[\x81]a\x22L&j\x1a\xb2\xa3\
\xd9+\x86\x5c\x19Vf\xea\xc3W\x9aW\x15\x09\x89\xba\
V\x17\x22\x9c~\x22\x19\x8d\xac\xfa[\x0f-3\xf6'\
\xce\xd2\x9c\xd186\xa8)\xaa\xca\xec\x8a\xa3\xdcr\x9e\
\xa1N#\x8c\xd1\x8c\xcfPd\x19TX\xc3)\xe4\x88\
qBtS\x97d\xe2z\xa4\xef\xc9\xb3Z\xa6\x09\xe9\
\x87\xc3\xed\xdb\x8e\xb3=\xbbA\xb2\x91\xefi\xceu\x11\
^\xc5\x09& ?\xca5\xd2\xa1I\xea\x045F\xe0\
WqB\xe4mL\x00+\xe0\x92\x93\xe86\xdao\x16\
V>\x9c\x0f\xb9BR\x1f\x00>\x06\x82\xf5\xf7s{\
\xfd\xb1\xbdq \x00bY\xfb\xee_\xdeS\xeb\xcd\xc2\
\xea\xe1\x8dU\x12t\xf6f\xdb\xdeZ\xbc\x94c\xf2\x80\
S\x11j\xc5Z\xa96\x16\xb5~\x8dlR\xd4\x95\xab\
P\x9dR\xae\x11\x7f)\x8c\xb1\xe4i\xa4VC\x1d`\
4+\x84\x95\xe8\x15\x96\xed\xeb\xdd\x07\x8b\xdd\xad\x15\xa2\
M\xfb\xe9K\xab\xfd\x82\xd5\xe9\x054{\xac*\x0d\xcc\
[\xc8G\xd6\xe3u\xc7\xda\xfd\xd3\xde\xfd\xd1Z\xbb\xed\
\x94\x9b\xdf\x1eY\xfb\xdb\xce&i1r\xd7I\xa2\xb1\
\xd6W\xfc\xfbe\xeb\xe6C{\xe1;\xb7$\x85\xf7O\
e\xe0\xd4\xf1XP\x8d\x96\x19\x8a\x1fX\x1c\x92_\xeb\
K\x0c\x85Y\xa8;\xbcD\x0d\x15\xf0\x99w\xc7\xd9\x84\
s\xf9\xe4)\x12v`\x1e\xe8\xc8T\xb0\x82Hl\xe4\
?\xf2\x1d#\xb9B\xb6\x06\x83,\xa4@\xf6*\x1f\x0b\
\xda\xca%?1\x8d\x83o\xa57\xc4,\xbe\x95\x9c\xfb\
\xb5\xb5\xeeA\x9b\x18\xf3\xed\xfe\xbf\x9d\x8d\x87\x17\xa0\x0e\
I\x0c\x19\xac\xcd\xdcu\x8e\xb6\xc8\xe0\x03I\xd6\xfa\x9a\
+\xf3<P\xa5i\x87,\x04\x1b\x10\x86\x00v\x8b\x17\
\xe9<\x862(s(#\xf2r\x0f\x99\xb6\x16C\x99\
\xb4\xda\x17\x9d*\xa8\x07\xed5\x0e)\xe0\xe1n\x815\
\xda7\xfd\x9d\x94\xe8\x13\xd6\xe9\xb8\x97\x16*\xe9\xe1\x12\
)\xa3c\x5c\xb2\x1f6\x85\x12\x97\xdck\x88\xa5\x11X\
\x92\x05.\x93\x9f}\xc8\x08\x8b\x15\x99\xc9=\xd1e.\
\x02\x9b\xd1\x06\xae\xd9\xdc\x84VNdI$8ar\
\xfb\xa0s\xff\xb5\xd7_\xbb\xed\xd8\x9d\xeb\xd6\xd35R\
\x1f\xac{?'\xbe\xd9\xcfN\xf1\x9e\xa1\x90\xca\x15\xf4\
\x10\xe9l\xbe\xfd\x8a\xa9\x5c\x9e\x19i\x94\x9e\x91\xb0$\
\xe2p\xe7O\xaacr\xe4U@*r8\xfec\xc8\
4\xfe\xb8\xd8\xbd\xc8\xcb\x86\x9e\x1a^\x89\x00\xad\xc1\x8d\
\xcf\xe9V\xe2\x97\xdb\x7f\xf4\xe4\xa5)\x22\x8b\xf2\xf9-\
D\xfcbZ\x8a\xe2\x80\xf2\xf1W\xb9\x8b\xbcI )\
\xf6\xb8])#i\xd30\x911\xd5\x90\x9c$y\x1e\
\x8b\x93H\xd10\x09\xc4\xcf%\xad:Ai\x89\xaf\x86\
Z\xfb\xf9\xbe.Ab\xb4\xbbs\xd0\xd9\xf7f`o\
v\xa2#\x93\xd5~e/\xdd\xb2\xf6\x16\xdc\xc0\x8dN\
\xe8\x83\xf9XoV\x8c\xb9w6,\xdep\xc8@\x1d\
g\x0c\xfe/\xa1y\xac\x11\xcb\xd3\x1f\x19~\xb5\xd0p\
\xf7>\x81\xd0J\x9d\xcd\xe3\xfdxgk\xa7\xbbs\xdf\
\x9d\xa3s\xfdr\xbc\x9f\xd3\x8by\xee 8\x12\x9d\x0f\
\x83\xa2;\x960k\xd4JR\xb9,\x1cc\x8b\x9f\xcb\
\x90\xe52\x97Y7\x05\x0a\xae\x82\x84\x5cR\xbe\x9bm\
(\x18\xb2d&\xc3\x95\xf8,\x9c\xc1\xa9O\x87\x9b\x96\
\xcf2\xe5\xb1#\xe4\xaf\xbey+8\xafs\xc7\xcd\xce\
\xcdW\xc1L\x14>\x19\x05\xee)\x9e7\x04\xdeX%\
\xc9\x8d\x0bG\xcf\xb2\xfa\x0f\xbc'S\xb2h\xdf3o\
\xffx\x8b\x97\x8b\x8e\x80\xca\x9c\xdb\xf1\x13\xce\x11\x909\
Gr\x03\xe5\x1c\xeeIz\xd2\xa7\x13\x0e\xd1\xdf[Y\
\x89'\xeb\xc7\xa0\xae\x94\xe3\xf6\xa3),\xd7/\xd9\xc7\
\xce\xe2\xb2\xa5\xdeV\xae\xf5\x1f\xc3\xf9\x1ck\
\x00\x00\x02\x80\
i\
mport QtQuick 2.\
15\x0aimport QtQuic\
k.Controls\x0aimpor\
t \x22../basic\x22\x0aimp\
ort \x22../topTitle\
\x22\x0a\x0aRectangle{\x0a  \
  id:righttRect\x0a\
    // color: pa\
rent.color\x0a    T\
opTitle{\x0a       \
 id:topTitle\x0a   \
     anchors.lef\
t: parent.left\x0a \
       anchors.r\
ight: parent.rig\
ht\x0a        ancho\
rs.top: parent.t\
op\x0a        heigh\
t: 60\x0a    }\x0a\x0a   \
 //\xe5\x8e\x8b\xe6\xa0\x88\x0a    St\
ackView{\x0a       \
 id:mainStackVie\
w\x0a        anchor\
s.top: topTitle.\
bottom\x0a        a\
nchors.left: par\
ent.left\x0a       \
 anchors.right: \
parent.right\x0a   \
     anchors.bot\
tom: parent.bott\
om\x0a        // an\
chors.bottomMarg\
in: 100\x0a        \
clip: true\x0a     \
   initialItem: \
\x22qrc:/Src/rightP\
age/stackPage/Cl\
oudMusicCherryPi\
ck.qml\x22\x0a    }\x0a}\
\x00\x00\x01\xe9\
i\
mport QtQuick 2.\
15\x0aimport QtQuic\
k.Controls\x0aimpor\
t \x22../basic\x22\x0aimp\
ort \x22../topTitle\
\x22\x0a\x0aItem {\x0a    id\
:topTitle\x0a    Ma\
xMin{\x0a        id\
:maxmin\x0a        \
anchors.right: p\
arent.right\x0a    \
    height: 60\x0a \
   }\x0a    UserLog\
in{\x0a        id:u\
serLogin\x0a       \
 anchors.right: \
parent.right\x0a   \
     anchors.rig\
htMargin: 280\x0a  \
      height: 60\
\x0a        width: \
200\x0a    }\x0a\x0a    S\
earch{\x0a        i\
d:search\x0a       \
 anchors.left: p\
arent.left\x0a     \
   anchors.leftM\
argin: 10\x0a      \
  height: 60\x0a   \
     width: 200\x0a\
    }\x0a}\x0a\
\x00\x00\x096\
\x00\
\x00Izx\xda\xed\x5c\xebo\xdbF\x12\xff\xae\xbf\x82\
e\xbeH\xedU/\xcb\xa9+\xc0\x07$J\x93\x0bP\
\x17u\x9c\x1e\xdaC\xbf\xd0\x12e\x11\xa5\xb8\x02\xb9\x8c\
\x95\x16\x02\x5c$v\xa2\xc6N\x9c4\xb9&mR\xc7\
\xad\xd1\xfa\xae\x88\xd3K\x8bV\xf1#\xf7\xcf\x88\x94\xf4\
\xa9\xffBw\xf92)\xbe\xf5\xb0%\xd4\x84`P\xbb\
\xb3\x9c\xd9\xf9\xcd\xec\xce\x8e\x87b\xca\x15\xc0Cb\x16\
\xce\x8aL\xfe\x13\x22\x1dOMF\x18K[<\x078\
\xc8\x03Vp\xec<\xc7P,X\x10\xf4f2\x1eO\
\xa0O\x1e\x94\xcb\x80\xfb\xe0\x22\x19\x89\x5c\x84t\x99\xf8\
,B\xa0\x8b)d\x09\x1e\x00\xa8|Yd\x0a\xb0\x94\
%*\x14Os0\xae|S\xdaK4\xb3P\x82Y\
\xe2t*\xa9|W\xfeTxP\xa1yx\x95\x10 \
\xcfp\x0bD\x85\xa5\xae\xce\x8a\x14\xcb\xc0\xabY\x82\x94\
\x9f\xde\x90n\xac\x90\x8e\x94\x05\xb0\xc8\xb1\x80*\x04\xa3\
.\x8b\x02\x93\x7f\x8f*\xa3\xfb\xf3\x80/SH\x0e\xb2\
\xd9X\x93n\xae\xb4\xfe\xb7'\xff\xfbFs\xef7i\
\xeb\xa5\xf3\xd8\x22\xc3\xd2se\x8a\x87sH\x11\x98\xcf\
\xb3U\xf9\x9b\x17\xd2\xfa\x9a\xb7`\xe7\x18\x1e\x11\xe7\xb2\
\x1f\x7f\x9cc\x81X\x98\xc1\x128\x8f\xc8S\xf9\x12\x1d\
\x80\x9c\xe1 Q\xa6\xaa9L>\xc7|Jg\x89T\
2\x9d!\x12\x09b\xe6\xac7\xe5\x0cUU\x89\x93*\
5\x11M%/\x9c\x8d\x1d\xe2\x80Z/\x03J\x80\x84\
|g\xbd\xb5\xb5\xdb\xda\xbb\x8e4\xa2\xf4\x98`\xd6\xa1\
\x86\x98\x12\x1b\x0f\xc5p4otQ\x5c\xbe\x04x!\
\x8e\xf4\xc5\xea\xf8\x1b\x9d\x9fb\xfeI\xe3\xabqs\x89\
\xceC\x8a[`i\x13\x0f\x0b\x1fK\xabf[\xa9\xc9\
\xa4\xa5Y7\xad\x8c\xb5\x99\xa7\x0a\x8c(\xa0fKk\
\x1e\xb0\x00\xa9z\x16\xc6\xf9\x85y*\x9a\xfc\x1b\xa1}\
\xe2o\xc5,\x84W\x18\x81\x99g\x91\x96\x8b\x14+\xd0\
\x96.}\xaay4E\x9a\xbf\xc8e\x097\xa5X&\
\x8b\xaf\xcbt\x15v\xcd\xd5\xf9\x89]\x0a\xd4/\x88\xc6\
k\xaa\xc1\x8f\xb2\xf5k\xd3#\x17K\x0c\xa4I[w\
\x11I\x18\xaf0U\x9a\xd5,h\xc2BRs\x17\xfc\
=\xb1<O\xf3g8\x06y\x0f\x038\x02\x7f*T\
\x1e\xf9\x9e\xc3t\x0c\xf8\x0cz\xbb$<(#\xfe\xf6\
\x09\x82,\x91\xb4\xb5\x16D^y\x8cbF\xf6n^\
\xe48\xe4JNX\xe1\x0bp\x97T\x82\x5c\x09\x19\x1b\
\x8d\x84\xb3\x8b\xac\x88]$\xa2\xafi\xcf\x8a\xb9\xd0\xa8\
2\xa2\xa9\xc55\x03!\xa6]\xb8\xda\x15jo9\xfc\
\xa6\xde\xd5\xdc\xd7F\x03s\x84.yHV\x14\xb9\xbc\
\x02\x88P\x02\x8b\x8a\x13G\xb1\x8d\x98\xc57F\x22Q\
\xa1\xd9h\xd4y\xe80N\x9b\xd0\xe8\x9e!\xe4E\xda\
\xdai \x1b\x17 \xa8Dc\xee\xbdh\xe9\xd4\xbak\
\x96\x15\x07-\xd8\x9d\xef\x1eJ\xf7V\xa5\x95ei\xe7\
\xa5\xb4\xba+ml(\x9d\x97\xc0\xa2I|\x01\xcb\x87\
\xc1M'm\x8b\x0dbm\xec5\xe8\xde\xbe\xc0\x18|\
\x22\x1e\x1e\xa8:\x15\xd9\xd9\xf8\xa5\xfd\xebv\xb3q\xbb\
\xd9\xb8\xd5>8 #\x01\x1dKq\xaay\xc0b\xa3\
7\xeb\xc9\xd1\xe1&\x9dV\xb4\xa9d\xc4n\x11\xe69\
\xd8T\x84\xaf\x1c`\xc52\xd75\x17C[\x13Iw\
gFOT'+\xdf{&\xdf\x7f\xd5\xdey\xd5:\
\xd8\xb1P8>\xdb\xf2\xfc\x94\xdd\x0dm\x0dv\xed\xfb\
\xac\x8364\xcc\x02\x92\x8e\xe4>+^\x80U\xcf\xd9\
Q\x1d'S_\x92\x1f\xd7\xcd2\xb5\xbe\xbe.\xad=\
\xe8,\xd5\xe5\xcd\x15\xd4(=\xde\x96\xd6W\x9b\x8d\xa5\
f\xe3\xbf\xaa\x0a\x9b\x8dg\x7f\xec\xdfl\xdd\xdfn\xee\
\xde\xc6\xf1\xc6\xde\xf5?\xf6\xeb\xb6g\xbb\xaa\xdb\xa2\xf2\
I\xc7n\xc7F\x8c\xf0R\xbd\xb3\xf9\xb2\xbd\xb9\x9ar\
\xa4\xb0:\x99+\xcf\xd3IW\x1a\xd7\x8e\x7f}\xf4\xd1\
%\xb4\xf9\x82\xb3\x22\x84\x80\xf3\xe0b\x82[~Q\xef\
<y\xd4\xba\xfd\xbc\xb5\xf7@\xfa\xfeg\xd2wLN\
\xc3\xfdT1]\xcc\x14\xa7\xbc\x07,\xf0@D+\x05\
i\x0a0/\xe0&\xefQ(|\xca\x7fBk\xd1m\
\xdc4\x96\x98\x9e\x9e\x0e)2\xe0r,\xa3>\xcd[\
\x1f\xca~f\xe3\x17\x92[-\x12\xbeg\xa0p\xb6\x7f\
[FB\xca\xcf\xd7\xa4\xc6\x0f\xe3\x80epy\xfb\x06\
28\xabcG\xb1\xf3\xd3C\xb9\xb1\xdc\xbe\xb1\x87\x16\
\xe3q@1\xb8\xbc}\xa3\x18\x9cUX\x14k\xbd\xad\
\xf2\xe9qX\xe5\x91\xd6\xda?~/\x7f\xbb.\xed\xfe\
 \x7f\xf5T^\xdb\x18\x13\xb3\x0a%\xf5 \x8c+\x14\
\xc3c_(\xc6\x07\xcb#\xc1o<0\xfb\xf6sd\
gc\x81Y\x00I\xfb\xc7,\x00\x93#Z\xca'\xc6\
\x22`7\xe5[G\xdc|\x02H\xda\xbf\xf9\x04`\xd2\
\xbf\xf9\xd4\x82\xa6\xeb\x8c\x13\xbe\x9a\xcb\x18\xe1\x13\xbeY\
\xc0Q9\xe1\x9be:9\xe1\x8f\xd5\x09\xbf\xeb\x1fC\
\xa1W\x8f\xae\xf1Gr\xd2\xb7\xf1<9\xed\x1f\x0d\xae\
\xc3<\xf5;\x80zr\xf2\x1f:\xa2\xc3\xcc\x008 \
z\x92\x05\x18\xe9,\xc0\xb0Ll\xc8\xd9\x00gC;\
\xc9\x08\x0cy\x93?*,O\xb2\x03\xc3\xc1o(Y\
\x02'\xfcN2\x05\xa3\x93)\x18\x8e)\x0d%c\xe0\
dJ\xc7\x925\xe8\xce\x144wW\xd0\xe6\xa2\x1e\xc7\
\xd1QV=\xe5\xdaO\xe7\xe8\xbe\xf3\xe4;|\xb8\x8d\
\x04\xa9i\xd2\xd07?\xfc\xef\xa4k\xc1\xd2\xa9\xa9\xe2\
\xdb\x13o\x87/Y\xc2\xd7\x0c\x10\x05\xfa\x0cOS.\
Hx\x96\xa6Y\x84\x11y\x01\xf0s%\xaaB+%\
b\xef\x03\x86\x83\xc8W\xfeAq\x85\x9c\xd2\x17\xe9\xd9\
\x14fq\xa5\x0d\xcd}\xc0\xb3\xefT!\xcds\x14\xcb\
^\x8d\x92%\x08+B6\x91P*\x14\xe3\xa9\xd3\x13\
\xf1<('N%\x0a\x8c\x90\x07Wh\x9e\x8c\xf5\x8a\
q\xa4\x0b%\x1b\xe8\x0a\xb2\xadov\xa4\x83\x07\x91.\
\x17?\x0f\xd8\x02\xcd\xcf\xd1\x8e\xb02\x10W\xc5\x91\xe6\
\xf1v\xd4\x0aJ\xfd\xe8e\x8d\x16gOn\xfd\xc7{\
\x04\xd2=\xc6\xe5}\x0a\x17\xc4X\xfc\xe5\x1c\xc3\xfb\xe7\
n\x00\x87G\x1a\x05^zYT\x94\xa3\x17q\x87[\
9W7#\xe4\x94\xda\x88\xbero\xad\xfd/\xa5g\
\x0f{W\xaey|0\xe5z\x8f\xb0+W\xaf:\x1d\
\xaefu.\x03U\xab\xfcxI\xda\xfaQZ{\xda\
\xba\xbf\x1d2\xa59\xe5?]\xff\xbc\xa5]\x8ac\xce\
[\xba\xef\xf7^\xb9\x5c\xaf\x00C\xde\xbb+=\xf9J\
\xde\xfbZ\xfab[~\xb2\xe9H\xd6U\x1a\xdc}i\
\xa5m\xe9\xa4{\x94\xa1\x17\xee\xa6N\x87\x0fD\x0c!\
\xdb\xd7V\xe5G\xcf]\xe9\xdc*\x8c]\xc4\xb5\xd5\xad\
\xfb\xc9\x9e\xf1\x8e5\xf4\xddm\x82\x9a\xa03y\xef\x8d\
^/XN{R\xe9\x9b\x19\xda\x1c \x93\xa7\xd8\x9c\
R2lHnm\xf6|\x92g'.:\xfc\xfd\x85\
\xb4\xf9\x93\xb4\xbc\xdc\xb9\xb6-\xdd\x5c\xf1$\x0f\xaaf\
\x93\xaa\xa3\xca\x0aa\xaeS'\x12\x84\xadm\x86\xaa\xc6\
\x88\xd7\x83\xe3b\xc6F\x1b\xa4~\xf5\x1de`U,\
f\xa8\xc9I\xd2?\xa8\x0b\x84\xd7@Or\x87\xaeY\
\xbf%o\x5c\x1f\x94\xd5{8`@?5\xebc*\
205\x0f\xce\xd8\xab}\x18\x1c\xf1\xa6\xaa(D\x9e\
\xee\xdd\xa3\xfc\xa2\xd4\x9e\x22VKX\xc0S\x0bqH\
\xf1\x0b4\x0c7\x86\xaa2\x08\xb6s\xf8\xf6\xc33\xe8\
>\xd8\xa82\xc31e\xb1\xfc\xa1S\xbd\xbe\xf3\x00\xc4\
G\x1d\xa0)\xb7K\xc7\xa1|\xdc\x97\x00\x85-@`\
p\xa4\xe2S\xf5\xdf}\xe1\xb7\x00T\xb5\xa08\xe7\x0a\
\x1d\x0b8\x0c_W(\x1e\xc79\xff\xa4X\x11W\xcd\
G\xb5\x19U\x897\xac\xf6\x84\xec(\x86\xfe8\xa9\xe1\
uG\x8b\x0c,\x81\xdd\xc4\xa7\x89\x19\x14v\xe16\xfc\
\xb2\x8bz\xcfpQ'.Z7:Bs\x85\xa8>\
\x8fX,\x16\x88{-\xd2\x1f\xc5p3&\xf2\xc3W\
\xad\xad]\x1c\xb0\xfd|\xc7\x91\xc6#\xec;\x0c\xfd\x1c\
W\x10\xfcbU,\x0e\xc1y\x14\xc6\x15\xa2\xa9\x18\x02\
\x9b\xbc\xe0\xbe\xac\xe5\x83f9\x02\xc4\x86=\xe8\xa1\xb1\
\xdcy\xb4\xa5E\xb0\xab\xf5\xce\xbd\x9dH\xaf\xfb\x87\xb6\
w\xbc\xe5\x1f\xdf\xa5\xddWM}\xcf\x98\xf0\xd7\x97_\
\x085\x0fxt\xae\x8a\xeb[\x9a\x1f\x9d\xf1\xdc\x0c\x95\
\xa1'=\x9e\xeb\xda\xe1c2\xe6u\xdc\xf7\xbd.\xa7\
\xb4\x99\x09*2\xe0\x96\x1a qf3\xab\xf4 \x03\
\x94\xa0\x9b\x5c\xe8\x0d\xae\x84\xb3!\xefp\xd4<K;\
\xbdg3\xa0LNO\xc9\xbd\xc37\xaf\xb4\xa3!\x0a\
\x9cU\xf0\xc8\xd8h\xd5\x035_\xaeKw\x0f\xa4\xf5\
5\xf9\xe9\xbe\xb4\x7fg\x08\xf5@\x81\xaa~\xba\xc4\x18\
\xfd\xd3s&\xc4\xe99p\x86\x5c\xcf\x8f\xba\xbc\x87\xdc\
w\x96\x5c\xcf\x90s\xa6\xf7\x9e}\xd2\xe3\xd6\xd4\xb8\xed\
\xadi59\x1eF\xe0\xc0~\xe4\xc60\x1c\xbb\xbe#\
\x85\xb0\xe0\xa1-\x14\xbf\x0f^\xbf\x85D\x1c\x17\xfcB\
\xca<\x00\x08Cr<>\x14\x13\xcd\xc6\x97\xedWw\
\xc7\x11\xccP\xa2\x0f\x12\xd3P\x8c\x87\xb1\xaf\xa9l\xe5\
G\xbb\xedk\x07\xeaJq,\xfb\x9a]\x8c\xbf\xf6\xbe\
\xd6\xf5;\x19\x03\xf3 A\xff-\x8eP\xeec\xf9\x15\
\x0f\xcdu\xfc\x05\x0c\xe7']<\x02q8\xfa\xb5N\
\x91\xe9Mm=\x1eut\x82\xc89\x10\x90\x820:\
&\xac\x90L\x9at#\xefI\xber\x0e\xca\xa1|\x19\
\x0dd\xa3q\xfcq\x0e\xfc\x8f\x91\x9b+R\xfdEk\
\xf7\xff\x11\x0d\xd5\x9c\x08\xdfe8\x9a\xf8\xac\x16\xa9\xfd\
\x09E\x9a\x05\x9b\
\x00\x00\x03\x16\
\x00\
\x00\x0b+x\xda\xddVMO\x13A\x18\xbe\xef\xaf\x98\
\xac\x07.d[JH\xa0R\x0e\xd6\x0b\x09\x1c@=\
\xa0\xf1\xb0\xb4\xd3v\xc2vg\xb3\x9d\x0aJ\x9a@\x22\
\xd0\x9aR*1h\x90\xf0a\xa2\x10\x22E$Q\xac\
\x05\xfe\xcc\xce\xb6\x9c\xf8\x0b\xcen\xb7K\xb7\xddU\xbe\
<\xe8\xa4\x97y\xdeg\xde\xcfy\xba\x83\x92\x0aV\x09\
\x18!#i\x14\x99\x00\x01\xa1\xab\x87C\x0eL\x08c\
\x99\xa8XJ5p^\x10|\xec\x17\xc1\xc9$\x96\x1f\
\x0d\xf2\x1c7H`\x12Ls\x80\xadI\x14%\x89 \
PD\x15\xcaD0w&\x9e\x80(\x9e A\xd0\xe5\
\xf7s&\xe0\xf3\x01}s\xe1\xec\xc3;s7$\x8e\
C\xc9ra,\x14\x0d\x02\x82\x88\x04M\x83\x0dG\xb0\
\x84\xd5 \xe0'\x13\x88@\xde\x86c,Ca\x1cK\
\xc6!5\x0dm\x9c\xc0)\x16\x92\xd7\xbfe\xf5\xd9}\
\xed\xa8p\xb6Z\xacn\xcf\xb6\x9cS\xd0\x14\x94\x1e\xa0\
\x17\x90%\xd7c\x9b\xac:z\xfd&\x92\xb1s\xa6\xf3\
s\xb4\xf4\x83\xe6\xcbtc\xc3\xc4\xc2XJ'\xe5\xa6\
\xd4E9\x92\xc0jJ\x90`\x8c4\x17!\xa8F\x07\
\x5ci\xc3\xa2\x1aGr\x10\x04\xfc\xb69\xa5\x88\x11$\
\xc7M\xcc\x06Y|\x96\xbfv\xbaU+\x9dT\x8fK\
6>\x8a'\x9b\x12p\x1cg%9\x0c\x0fYKZ\
\xb8M\x9d\xaa{\xe7\xdb\xcc\x1e}\xf7\xeccw\x1b\xc5\
\xd9\xcf\xc6\xca8\x93k\xaf\xc3QK\xb7\x9fk3\x8e\
B\x05\x8a\x04\xaa.\xe7\x8c\x95\xc4Q(\x05\xc1\x93\xe9\
\xc6U\xc8\xcd\xe8k9\xad\x5c\xe6;A\x5c\xc5i\x85\
a\x8a\x8a\x9e1\x17\xc3\xa98\x9f\xe9\x0463\xfb\x9a\
\xce\x1d\xea\x87;\xd5\xd5\x97\xde\xfc\xa7\xaeQYL\x18\
g\x94 x<66*F\x11\xbe\x97&\x04\xcb\x1e\
I^\x0c\xc0L\xf7\xbeHD\xc1\xd8{\x92\xadL.\
\xd8&\xe0I\x8f$`d\x022q 9\x0a\xa7@\
(\x14\x02~O2\x96\xc3\x12\xaa\xd3\xbd\xb3\xb5.\xa3\
v|Z}\xb3c\x06\xa7\x07\xeb\xfa\xcc6-\xadW\
\x0b_\xb4\xf2\xb2\xbe\xf2\xd1\xf3p\x86\xbb\x1c\x9a\xe1\xdc\
w\x19\x87 \xd8\x9c\xd8\x84h\xf1\xb3\xbe\x97\xd7\x0b\xcb\
\xb5\xad\xbc\xfei\xed\xf6\x95\xe1\x1a\xe6/\x0a\xa5+p\
\x13\xa5\x04z\xae\xad\x14\xcf\xb1\xb5I\x88.\xed\xd7\xd8\
\xbf\xe9\x850TQ\x9e`\xe1\x0d\x15\xfd\xd9\x8bS^\
7\xf2\xa5\xfd\x9c\xab-\xec\xd2\xef\x07\xde^\x5c}\xfc\
_\xe2\xbd\xae\x80\xb4\xa3]C\xb9\xf9\x15}m\x91\xbe\
\xda\xba}\xe9\xb4\x04\xf8\x97\xbe.\x97\xba\x01V\x99\xb4\
2C\x8b\xfb<\xf7\x9b\x99\xf3\x0aTSX\x16%V\
G\xd4\x9di\x8f\xdb\xf1\x90\xf1\xa8\xe8\xaa)\xf6\xb3b\
e\x90\x22\xcf%\x18\xea\xb0\xba~'f\xae\xbb\x1d\x03\
L\x8fgo\xf7\xfa}\x06i\xc0\x95\xda\x1b\xeb\xeb\xee\
\x83\x8cz^\xc9\xd6\xd9\xb4X8\xaf\xe4\xe9\xe2\xa1v\
\xb4\xa8UV\xeb\x1f\x04\xedx\xd3Puc\xec\xecE\
\xc1\x9e_\xfaRQ;y\xdfr\x17\xce+9+\xde\
\xad\xf5-&J)x\x05)\xb4<\xef\xb2\xf34\xf7\
\xb5Z>\xe5\xac\xde\x86\xd3d\x08\xc9p:\xc3e~\
\x01\xfd\xb1\x16\xc7\
\x00\x00\x02\xfd\
\x00\
\x00\x0aox\xda\xedV[K\x1bA\x14~\xdf_\xb1\
l\x9f\xbb\xc6\x8d\x11\xc9c\xa5\xd0\x80B\xb5\xe9\x83}\
\xdblf\xb3\x83\x9b\x9de3\x8biK\xa0\xb44\xf1\
\x12\xdbT\xb4\x88\x15j/\x82\xb45J\xa5\xf5\x1a\xfd\
3{I\x9e\xfa\x17:\xc9^t/Q\xa9\x14\xfa\xd0\
%\x84\x9ds\xce\x9c\xf9\xbeo\xce\x9cYXT\x91\x86\
\xe9\x09<\xa1Ca\x9a\xe6\xd8\xc1\x14\x05\x036v\x14\
)XCr\xc9\xb33,;@~\x02*\x16\x91\xf2\
0\xc3P\x19\x0c\x8a\xf4S\x8a&\xcf\x0c\xccc)M\
\xab\xbc\x06\x14\xcc\xf6F=\xbb\x04`A\xc2\xe9\xc1D\
\xa27\x1c\x18\xa0\xcd\xfdM\xf3\xe5~\xe7\xc5\x969[\
\xf5l\xd6F\xad\xf3q\xb57\x1a\xe3s@v\x93v\
\x1f\x98O\xd3\x18\x11\x14Y\x88e\xe0\x9b\x05$#-\
M33\x12\xc4\x80\xf1\xcd\x22\x81\xcc\xe6\x90\xdc\x9d\xa4\
\xe9\xe7\xe1\x18\x941\x89v\xd6\x0e\x85\xab\xb0\x0c\xe4\x07\
\xf0\x09H\xd3D\x03\xcf\xe5\x12J9\xb8+\xbd\xffQ\
$\xebE%\x0e\x9c\xe3\xf1\xed\xbc\x22HH+\xb12\
\x10\xf1E\xf8\xac\xd6U#6l\x9c\xd7\x0aPI\xd3\
\x5c\xc2w\x97T^\x80J\x81\xc0:\xb7\x11\xb1\xeee\
\xb3\xf7\x8d\xe3Ov\xa3\xdan\x9e\xda\xad\xa6\xef\x9bD\
3\x17\xb0\x052p\xa9\x80=,rH&\x09c\xd5\
Y\x81\x89\x84\xf4\x11\xbe\xaf\xa2C\x91\x10W\xd9\x91D\
\xc0S\xa1\x02C\xc2\xd38X\xec<{n/o9\
P\x02\xeeGSS\x93|\x1e\xa2;:\xc6H\xe9\xcf\
$\x94#\x86\x8e\x04\x84i\x10.\x17\xef)hHW\
I\x1aUC\xe5\xc7\xccUx[gd\xa1\xcc\xdd\xd8\
\xbd\xb9\x16h\x1f\x8c\xc8\xcb%\xd0\x97S\xcc:\xcc\xcd\
\xa0\xb7k_\xcc\xe6\x9aq8\xf7'R_\x0fuh\
\x89\x1b\x02\xb6~,\xb4wV\xac\xfa\x5cg)\xa8\xf1\
$\x100\xaf\x14d\x10\x03\xd4-\xbc\xe1D\xc4\xe3v\
):\x19ui\x84\xbb^\x0a\xb4\x86\xf0Q\xb8\xc5\xa5\
\xb8aN\x88R\xca!-\x0f4\xd6]w\xb0\x9f\xdf\
\xcf\x93\x14\x87\x92\xa9D4\x8f\xd7'0R\xfd\x16K\
\xde/\x8b\xf3\xda\xc9\xed(\xec,\xd9\x90\x18u.\xec\
\x95\xa3.\x13\x1b\xe2\x83\x159qH\x1c\x89\x0f\x8at\
\x01.6\xcc\xc3+\x10B@\xcb(\x1e\xb9Hp\xe5\
\x8ar\xb0?4Iq\xfd/\x87\xbfS\x0e\x8e\xba\xff\
p9\xc4\x14\x06)\x8a\xce\xfb=\xe3\xb0a\x1c\xbd\xb1\
\xdf\xad\x86\xbaq\xdc\xfd\xe7\x92\x8d\xce\x0ar\xba\xe4\xfe\
\x8b\xd0L\xc6!#\xfdt\xb4\xdb1s\xa8\x1cB\xd0\
\xfd\x9a\x10d\xa4\xe7\xc7\xf5\x12\x14\xbc \xeaz\xd7\x95\
wt\xd7\xbf\x99\xeb\xbb\x0e\x09k\xff\xd8\x9c\xdf0g\
w\xad\xed\xba\xb9\xb8b6^\xfd:\xa9\x9b\xbbU\xeb\
m\xcd8\xfei\x1c\xcc\x1b'\x1b\xed\xda\x9e\xc3\xb5\xeb\
z\xbdc~^\xb3\xbf\xee\x98\x8d\xba\xb5\xbd\xe9\xcc\x22\
vki\xdbZ>5\x0e\x16\xda\xad\x16C\x05e\xaf\
\xf8\x9fu\xb3Us\xee\xbb}tFy$u<\x06\
\x15r\xf0\x08\xf7\x0a\xf5\x1b\x17\x96\xf1\xf8\
\x00\x00\x09\xa8\
i\
mport QtQuick 2.\
15\x0aimport QtQuic\
k.Controls\x0aimpor\
t \x22../../commonU\
I\x22\x0a\x0aItem {\x0a    w\
idth: parent.wid\
th\x0a    height: 3\
50\x0a\x0a    Label {\x0a\
        id: play\
Title\x0a        co\
lor: \x22white\x22\x0a   \
     font.bold: \
true\x0a        tex\
t: \x22\xe6\x92\xad\xe6\x94\xbe\x22\x0a    \
    font.pixelSi\
ze: 15\x0a        w\
idth: 50\x0a    }\x0a\x0a\
    Column {\x0a   \
     anchors.lef\
t: playTitle.rig\
ht\x0a        ancho\
rs.leftMargin: 2\
0\x0a        spacin\
g: 15\x0a\x0a        C\
olumn {\x0a        \
    spacing: 10\x0a\
\x0a            ZYY\
Checkbox { text:\
 \x22\xe7\xa8\x8b\xe5\xba\x8f\xe5\x90\xaf\xe5\x8a\xa8\xe6\x97\
\xb6\xe8\x87\xaa\xe5\x8a\xa8\xe6\x92\xad\xe6\x94\xbe\x22; \
checked: false }\
\x0a            ZYY\
Checkbox { text:\
 \x22<span style='c\
olor: white;'>\xe9\xa6\
\x96\xe6\xac\xa1\xe8\xbf\x9b\xe5\x85\xa5\xe6\x92\xad\xe5\xae\xa2\
\xe6\x97\xb6\xe8\x87\xaa\xe5\x8a\xa8\xe6\x92\xad\xe6\x94\xbe<\
/span><span styl\
e='color: #8f939\
e;'>\xef\xbc\x88\xe4\xb8\x8d\xe6\x92\xad\xe6\xad\x8c\
\xe6\x97\xb6\xef\xbc\x89</span>\x22; \
checked: false }\
\x0a            ZYY\
Checkbox { text:\
 \x22\xe7\xa8\x8b\xe5\xba\x8f\xe5\x90\xaf\xe5\x8a\xa8\xe6\x97\
\xb6\xe8\xae\xb0\xe4\xbd\x8f\xe4\xb8\x8a\xe4\xb8\x80\xe6\xac\xa1\
\xe6\x92\xad\xe6\x94\xbe\xe8\xbf\x9b\xe5\xba\xa6\x22; c\
hecked: true }\x0a \
           ZYYCh\
eckbox { text: \x22\
\xe5\xbc\x80\xe5\x90\xaf\xe9\x9f\xb3\xe4\xb9\x90\xe6\xb7\xa1\xe5\
\x85\xa5\xe6\xb7\xa1\xe5\x87\xba\x22; check\
ed: false }\x0a    \
        ZYYCheck\
box { text: \x22\xe5\xb9\xb3\
\xe8\xa1\xa1\xe4\xb8\x8d\xe5\x90\x8c\xe9\x9f\xb3\xe9\xa2\x91\xe4\
\xb9\x8b\xe9\x97\xb4\xe7\x9a\x84\xe9\x9f\xb3\xe9\x87\x8f\xe5\xa4\
\xa7\xe5\xb0\x8f\x22; checked: \
false }\x0a        \
}\x0a\x0a        Colum\
n {\x0a            \
spacing: 10\x0a\x0a   \
         Text {\x0a\
                \
text: \x22\xe8\xbe\x93\xe5\x87\xba\xe8\xae\xbe\
\xe5\xa4\x87\x22\x0a           \
     color: \x22whi\
te\x22\x0a            \
    font.pixelSi\
ze: 13\x0a         \
       font.bold\
: true\x0a         \
   }\x0a\x0a          \
  ZYYComboBox {\x0a\
                \
width: 280\x0a     \
           heigh\
t: 28\x0a          \
      model: [\x22D\
irectSound:\xe4\xb8\xbb\xe5\xa3\
\xb0\xe9\x9f\xb3\xe9\xa9\xb1\xe5\x8a\xa8\xe7\xa8\x8b\xe5\xba\x8f\
\x22, \x22WaveOut:\xe6\x89\xac\xe5\
\xa3\xb0\xe5\x99\xa8\x22, \x22ASIO:\xe9\x9f\
\xb3\xe9\xa2\x91\xe6\x8e\xa5\xe5\x8f\xa3\x22]\x0a   \
             cur\
rentIndex: 0\x0a   \
         }\x0a     \
   }\x0a\x0a        Co\
lumn {\x0a         \
   spacing: 10\x0a\x0a\
            Text\
 {\x0a             \
   text: \x22\xe6\x92\xad\xe6\x94\xbe\
\xe5\x88\x97\xe8\xa1\xa8\x22\x0a        \
        color: \x22\
white\x22\x0a         \
       font.pixe\
lSize: 13\x0a      \
          font.b\
old: true\x0a      \
      }\x0a\x0a       \
     ZYYRadioBut\
ton {\x0a          \
      id: replac\
ePlaylist\x0a      \
          text: \
\x22\xe5\x8f\x8c\xe5\x87\xbb\xe6\x92\xad\xe6\x94\xbe\xe5\x8d\x95\
\xe6\x9b\xb2\xe6\x97\xb6\xef\xbc\x8c\xe7\x94\xa8\xe5\xbd\x93\xe5\
\x89\x8d\xe5\x8d\x95\xe6\x9b\xb2\xe6\x89\x80\xe5\x9c\xa8\xe7\x9a\
\x84\xe6\xad\x8c\xe6\x9b\xb2\xe5\x88\x97\xe8\xa1\xa8\xe6\x9b\xbf\
\xe6\x8d\xa2\xe6\x92\xad\xe6\x94\xbe\xe5\x88\x97\xe8\xa1\xa8\x22\
\x0a               \
 checked: true\x0a \
               g\
roup: \x22playlistG\
roup\x22\x0a          \
  }\x0a\x0a           \
 ZYYRadioButton \
{\x0a              \
  id: addToPlayl\
ist\x0a            \
    text: \x22\xe5\x8f\x8c\xe5\x87\
\xbb\xe6\x92\xad\xe6\x94\xbe\xe5\x8d\x95\xe6\x9b\xb2\xe6\x97\xb6\
\xef\xbc\x8c\xe4\xbb\x85\xe6\x8a\x8a\xe5\xbd\x93\xe5\x89\x8d\xe5\
\x8d\x95\xe6\x9b\xb2\xe6\xb7\xbb\xe5\x8a\xa0\xe5\x88\xb0\xe6\x92\
\xad\xe6\x94\xbe\xe5\x88\x97\xe8\xa1\xa8\xe4\xb8\xad\x22\x0a \
               c\
hecked: false\x0a  \
              gr\
oup: \x22playlistGr\
oup\x22\x0a           \
 }\x0a            T\
ext {\x0a          \
      text: \x22\xe6\x9c\x80\
\xe8\xbf\x91\xe6\x92\xad\xe6\x94\xbe\xe8\xae\xb0\xe5\xbd\x95\x22\
\x0a               \
 color: \x22white\x22\x0a\
                \
font.pixelSize: \
13\x0a             \
   font.bold: tr\
ue\x0a            }\
\x0a            ZYY\
Checkbox{\x0a      \
          text: \
\x22\xe5\xbc\x80\xe5\x90\xaf\xe5\x90\x8e\xef\xbc\x8c\xe5\x90\x8c\
\xe6\xad\xa5\xe5\xbd\x93\xe5\x89\x8d\xe8\xb4\xa6\xe6\x88\xb7\xe6\
\x89\x80\xe5\x9c\xa8\xe8\xae\xbe\xe7\xbd\xae\xe5\x90\x8d\xe7\xa7\
\xb0\xe7\x9a\x84\xe6\x9c\x80\xe8\xbf\x91\xe6\x92\xad\xe6\x94\xbe\
\xe8\xae\xb0\xe5\xbd\x95\x22\x0a        \
        checked:\
 false\x0a         \
   }\x0a        }\x0a \
   }\x0a    ZYYCutL\
ine{}\x0a}\
\x00\x00\x0c\x01\
i\
mport QtQuick 2.\
15\x0aimport QtQuic\
k.Controls\x0aimpor\
t \x22../../commonU\
I\x22\x0a\x0aItem {\x0a    w\
idth: parent.wid\
th\x0a    height: 2\
65\x0a\x0a    Label {\x0a\
        id: comm\
onArea\x0a        c\
olor: \x22white\x22\x0a  \
      font.bold:\
 true\x0a        te\
xt: \x22\xe5\xb8\xb8\xe8\xa7\x84\x22\x0a   \
     font.pixelS\
ize: 15\x0a        \
width: 50\x0a    }\x0a\
\x0a    Column {\x0a  \
      width: par\
ent.width\x0a      \
  anchors.left: \
commonArea.right\
\x0a        anchors\
.leftMargin: 20\x0a\
        spacing:\
 10\x0a\x0a        Tex\
t {\x0a            \
text: \x22\xe5\xad\x97\xe4\xbd\x93\xe9\x80\x89\
\xe6\x8b\xa9\xef\xbc\x88\xe5\xa6\x82\xe6\x9e\x9c\xe5\xad\x97\xe4\
\xbd\x93\xe6\x98\xbe\xe7\xa4\xba\xe4\xb8\x8d\xe6\xb8\x85\xe6\x99\
\xb0\xef\xbc\x8c\xe8\xaf\xb7\xe5\x9c\xa8\xe6\x8e\xa7\xe5\x88\xb6\
\xe9\x9d\xa2\xe6\x9d\xbf-\xe5\xad\x97\xe4\xbd\x93\xe8\xae\xbe\
\xe7\xbd\xae\xe4\xb8\xad\xe5\x90\xaf\xe5\x8a\xa8\xe7\xb3\xbb\xe7\
\xbb\x9fClear Type\xe8\xae\xbe\xe7\
\xbd\xae\xef\xbc\x89\x22\x0a         \
   color: \x22#8f93\
9e\x22\x0a            \
font.pixelSize: \
13\x0a        }\x0a\x0a  \
      ZYYComboBo\
x {\x0a            \
id: fontSelector\
Cbx\x0a            \
height: 32\x0a     \
   }\x0a\x0a        It\
em {\x0a           \
 width: parent.w\
idth\x0a           \
 height: 200\x0a\x0a  \
          Column\
 {\x0a             \
   id: commonChe\
ckBox\x0a          \
      anchors.le\
ft: parent.left\x0a\
                \
anchors.top: par\
ent.top\x0a        \
        anchors.\
topMargin: 15\x0a  \
              sp\
acing: 15\x0a\x0a     \
           // \xe5\xbc\
\x80\xe6\x9c\xba\xe8\x87\xaa\xe5\x8a\xa8\xe8\xbf\x90\xe8\xa1\x8c\
\x0a               \
 Row {\x0a         \
           spaci\
ng: 10\x0a         \
           ZYYCh\
eckbox { text: \x22\
\xe5\xbc\x80\xe6\x9c\xba\xe8\x87\xaa\xe5\x8a\xa8\xe8\xbf\x90\xe8\
\xa1\x8c\x22; textColor: \
\x22#ffffff\x22; fontS\
ize: 13 }\x0a      \
          }\x0a\x0a   \
             // \
\xe5\xb0\x86\xe7\xbd\x91\xe6\x98\x93\xe4\xba\x91\xe9\x9f\xb3\xe4\
\xb9\x90\xe8\xae\xbe\xe7\xbd\xae\xe4\xb8\xba\xe9\xbb\x98\xe8\xae\
\xa4\xe6\x92\xad\xe6\x94\xbe\xe5\x99\xa8\x0a     \
           Row {\
\x0a               \
     spacing: 10\
\x0a               \
     ZYYCheckbox\
 { text: \x22\xe5\xb0\x86\xe7\xbd\x91\
\xe6\x98\x93\xe4\xba\x91\xe9\x9f\xb3\xe4\xb9\x90\xe8\xae\xbe\xe7\
\xbd\xae\xe4\xb8\xba\xe9\xbb\x98\xe8\xae\xa4\xe6\x92\xad\xe6\x94\
\xbe\xe5\x99\xa8\x22; textColor\
: \x22#ffffff\x22; fon\
tSize: 13 }\x0a    \
            }\x0a\x0a \
               /\
/ \xe5\xbc\x80\xe5\x90\xafGPU\xe5\x8a\xa0\xe9\x80\
\x9f\x0a              \
  ZYYCheckbox {\x0a\
                \
    text: \x22<span\
 style='color: #\
ffffff;'>\xe5\xbc\x80\xe5\x90\xafG\
PU\xe5\x8a\xa0\xe9\x80\x9f</span><\
span style='colo\
r: #8f939e;'> (\xe8\
\x8b\xa5\xe8\xbd\xaf\xe4\xbb\xb6\xe9\xbb\x91\xe5\xb1\x8f\xef\xbc\
\x8c\xe8\xaf\xb7\xe5\x85\xb3\xe9\x97\xadGPU\xe5\x8a\xa0\
\xe9\x80\x9f\xe5\xb0\x9d\xe8\xaf\x95\xe8\xa7\xa3\xe5\x86\xb3)\
</span>\x22\x0a       \
             tex\
tColor: \x22#ffffff\
\x22\x0a              \
      fontSize: \
13\x0a             \
   }\x0a\x0a          \
      // \xe7\xa6\x81\xe7\x94\xa8\xe5\
\x8a\xa8\xe7\x94\xbb\xe6\x95\x88\xe6\x9e\x9c\x0a    \
            ZYYC\
heckbox {\x0a      \
              te\
xt: \x22<span style\
='color: #ffffff\
;'>\xe7\xa6\x81\xe7\x94\xa8\xe5\x8a\xa8\xe7\x94\xbb\xe6\
\x95\x88\xe6\x9e\x9c</span><spa\
n style='color: \
#8f939e;'> (\xe5\x87\x8f\xe5\
\xb0\x91\xe9\x83\xa8\xe5\x88\x86\xe8\xb5\x84\xe6\xba\x90\xe5\x8d\
\xa0\xe7\x94\xa8)</span>\x22\x0a  \
                \
  textColor: \x22#f\
fffff\x22\x0a         \
           fontS\
ize: 13\x0a        \
        }\x0a\x0a     \
           // \xe7\xa6\
\x81\xe7\x94\xa8\xe7\xb3\xbb\xe7\xbb\x9f\xe7\xbc\xa9\xe6\x94\xbe\
\xe6\xaf\x94\xe4\xbe\x8b\x0a         \
       Column {\x0a\
                \
    spacing: 5\x0a\x0a\
                \
    ZYYCheckbox \
{\x0a              \
          text: \
\x22<span style='co\
lor: #ffffff;'>\xe7\
\xa6\x81\xe7\x94\xa8\xe7\xb3\xbb\xe7\xbb\x9f\xe7\xbc\xa9\xe6\x94\
\xbe\xe6\xaf\x94\xe4\xbe\x8b</span><s\
pan style='color\
: #8f939e;'> (\xe5\x87\
\x8f\xe5\xb0\x91\xe9\x83\xa8\xe5\x88\x86\xe8\xb5\x84\xe6\xba\x90\
\xe5\x8d\xa0\xe7\x94\xa8)</span>\x22\x0a\
                \
        textColo\
r: \x22#ffffff\x22\x0a   \
                \
     fontSize: 1\
3\x0a              \
      }\x0a\x0a       \
             Tex\
t {\x0a            \
            text\
: \x22<span style=\x5c\
\x22color: #ff4a55;\
font-size: 11px;\
\x5c\x22>*</span><span\
 style=\x5c\x22color: \
#8f939e;font-siz\
e: 11px;\x5c\x22>\xe9\xab\x98\xe6\xb8\
\x85\xe5\xb1\x8f\xe9\x80\x82\xe9\x85\x8d\xef\xbc\x8c\xe7\xa6\x81\
\xe7\x94\xa8\xe5\x90\x8e\xe5\xbb\xba\xe8\xae\xae\xe9\x87\x8d\xe5\
\x90\xaf\xe8\xbd\xaf\xe4\xbb\xb6</span>\x22\
\x0a               \
         textFor\
mat: Text.RichTe\
xt\x0a             \
           font.\
pixelSize: 11\x0a  \
                \
      anchors.le\
ft: parent.left\x0a\
                \
        anchors.\
leftMargin: 26\x0a \
                \
   }\x0a           \
     }\x0a         \
   }\x0a        }\x0a \
   }\x0a    // \xe5\x88\x86\xe5\
\x89\xb2\xe7\xba\xbf\x0a    ZYYCut\
Line {\x0a        a\
nchors.top: pare\
nt.bottom\x0a      \
  anchors.topMar\
gin: 10\x0a    }\x0a}\x0a\
\
\x00\x00\x00\xca\
i\
mport QtQuick 2.\
15\x0a\x0aItem {\x0a    T\
ext {\x0a        id\
: cherryPick\x0a   \
     font.pixelS\
ize:50\x0a        a\
nchors.centerIn:\
 parent\x0a        \
color: \x22white\x22\x0a \
       text: qsT\
r(\x22\xe9\x9f\xb3\xe4\xb9\x90\xe8\x8a\x82\xe7\x9b\xae\xe5\
\xbe\x85\xe5\x81\x9a\xef\xbd\x9e\xef\xbd\x9e\xef\xbd\x9e\x22)\
\x0a    }\x0a}\x0a\
\x00\x00\x08\x22\
\x00\
\x00'7x\xda\xcdZ[O\xdbH\x14~\xcf\xaf\xb0\
\xb2R\x05\xa2\x0d!\xc0\xaa\x9b\xdd>\x14\xba\xbb\xaaT\
\xa4\xb6\xb4\xbb\xeaV<\x98d\x12L\x1d;r\x9c\xa5\
\x17!\x05z\xa1@\xb8l\xa1\xc0\xb6T\x14D\x11\xed\
.\xa1\x17\xc4\x86@\xe8\x7f\xe9f\x9c\xe4\xa9\x7fa\xc7\
v\xecx\xecql\x17\xd06\xaaJ2s\xe6\x9co\
\xce\x9c9s>\x8f\x99D\x92\x17D\xea\x8ax%\xcd\
DnQ\xa1@[\xa7\x8fQ\xdb\xfc\x81@+\xfa\x17\
\xe1\x13\x09\x9e\xbb~\xd1\xef\xf3]\x14A\x82\xba\xe7\xa3\
\xd0\x87\x89\x86)\x81\xe7E\xe5\xc7\x10\x13\x15\x07\xc2T\
\x92\x16\x00'\x06\x94_J\xfb\x00`\xe2\x03b\x98\xea\
\xfc.\xe8S\x1aZ[)\x98{V\xda\x1b\x87\x8f\x17\
a\xae\x08\x0b\x1b0\x9f\xaf\x8e\xcd(\x9dI\x81O\x02\
A\xbcC1\x9cH\xb1t?`\x7fU\xf5~\x1b\xb4\
\xf6GA*\x220I\x91\xe1\xb9\x9aT[\x90 \x96\
\x1a@3\x89\xa4EM&D\x90\x89\xb3|?\xcd\xf6\
\x9a$;\x09\x92\x11\x9eM'\xb8\xde$\x1da\xb8x\
\x98\xea\x08\xaa3z\xbcX\xda\x9b\xac.\xee\x94\x9f=\
@\xffW\xfeyQ\x9f\xec\xc3M\xf8.\x03?\xfe%\
M\xfdS\x9d\xcfUr\x87\xe5b\x0e\xd7\xdb\xcf\xf3,\
\x058\xba\x9f\x05?c@\xc2T\x8cfS\x80 \x9d\
N\x81\xde;)\xb4\x16= \xca\xd0fy\xcdve\
\xe3Q\xf9\xf9\x82\xf4t\xa7\x94\x7f\x03\xb3\x05\xb8\xb2\x82\
\xf0Q=<\x1a}^\x00\xf4\xe7\x83ly~\xb3T\
\x98.\x8f\xee\xc1\xb1\xfd\xf2\xebB\xf9\xcf\xa2*\x07\xd7\
\xdf\x95\x1fl(zt\xf1\xda\xb2\xcb\x1f\x9a\x8b \x93\
\xa9@\x8caYm\xd1\xf5\xce\xbba\xeaL\x9bb_\
\x9a?\x84\xcb\x9b\xd2r\x06\x16\x9e\xc2w\xa3>]\x84\
\xe7\xbaY\x14k\x00EP]i\x0d\xb4\x15\x8c\xb4\xb8\
\x8b\xa0Vr\xaf\xa5\xf1\x8c\xb4<\xae\xfb\xb2\xbc\xff\xa0\
\xb4\xbf\x8b\xa0\xc2\xe9}\x84\x16\x0d\xc4t\xc5x\x81j\
\xfa\x9d\x16(\x86:G\x05\xbfG\x7f~\xd0\x83\xe1*\
H\x02Z\x04B \xc2\xa79\x11\xf5\xb5\xb44\x9b\xa0\
\xc8\x1fe\xb4\x1c\xf1\xe7\xac#\xe5\xf6\xf3b\x13\xd3l\
\x19\xc5\xc4\xa8&\xb9\x97\xa4Q\xd3\xaa\xa9kC\xaae\
\xd9@d\x80a\xa3\xc8\x8f7C}j\xdc\xe8\x11s\
8\x07\x1f\xbe\x92V\x1f9\xea\x0aYt\xb5\xf7\x11c\
\xb0\xa1F\x19}\x1d\xdd\xa9Su\xa8\x01\x96O\x81\x9f\
\xf8H:e73\xf9C\x10oj&J\x0f;\xda\
\x0f\x19\xed\x87\xbc\xd9\x0f}\x81}\xbc\xa5\xfeK\xfd6\
\xaco,id\x0d\xaeOU\xf7\x97*\xb9u\xdd\xad\
p\xac(=}\xab\x88\xc4\xd2\x5cD\xceK\x94\x00R\
\x22/\x80\x0b F\xa7Y\x11\x011\x00\xd7\xf5\xc8\xaa\
2\xe3h=\xca\x13\xbbRfD\x17\xc0\xb3R\xf7\x00\
\x88\xdc\xea\xe7o\xa3\xd5\x05\xf2\xd6A\x8b]\xcf\x0e\xca\
\xc4\xeb\x09\xc1QV\xce\xdb\x01R\xca!K\x92\xd3\x8d\
.k\x9d\x92i\xa7\x96\xf2\x85\x9a\xb32\x07>c\xe8\
Fk\x8eA\xaan\x12\xd7\xe8\x9e!\xcb\x87)\xbf\xf4\
d\x0b%\x95V\xe9\xd9(\x1cY\xf6\x9f\xd6\x17\x1bu\
}\xca\xde\xa7Z\xa8\xcb\xa81nJ\xa2\xb5\xaeO\xd9\
W\x8a\xc0\xf0i7\x96J\xf9\x89R>S\xddX \
Y\xb9\x04b\xa2\x93!E\xc6\xad\xadI{[W\xe5\
\x03\xd4\xc9\x98*\xe4\xceZu\xe5\x03:o\xe1\xc4K\
\x92\xb5\xebI'SH\xc2\x93\x9d\xb1\x19\x92\x9d\x0b\xfc\
\x10\xe7dI\x91qg+\xc1pL+\xcce\xd1Y\
'm\xae\xc2\x03\xa2\xcd\x1e'\x83=.\xad\xc1\x85e\
\xe9\xef5i++=\x7fO\x0c\x0f\xc7\xd8piH\
z9V\xde:$\x99\xe8r2\xd1\xe5\xd6\xc4\xf8\x1c\
<\xc8\xb4\xc2\x87\x1f\xaa\x8b[hJ\x95\xed)\xe2z\
9.\x96\xdf\x9aN\xfb\xea\x99\xa1\xd1a\xdc\xc3G\x01\
\xdb\xe0$\xc6\xe5R@\xbc\x5c\xab\x85\x9a\x98\xd3\x94_\
\xebE\x00\xb5lr\x93\xe9\x0bh\xcd\xcd\x1eT\xe1\x13\
4)\xc4;\x9b\x0dg\x03\x96\xfe\x9e\xefH\x0bo\xd5\
\xf4\xf7\xdb\x8d\x1b\x9a\xb8Z\xaa\xa0\xeaKZ:,\xaf\
\x17\xacn\x19T\xdd2\xd8\xa0F\x19\xb4z\xc6E}\
2\x88;\xa0Qm\xe2T\x97\xf8\xbc\x16\x1f>\x0f\xb5\
\x05Z\x0b\xdd\xb76\xa7;Q\xb8I_\xa3A\xbbE\
'\x9f\xf5\x0d\xea\x0c\x0fXB\xb6X\xec\xe2\xc5s\xad\
\xf1r\xac\xba\xb6TY\xcd*\x0dW\xf9!\x03\x22\x99\
\x82\x89\x8c\xc8\x02\xd4\xac7\xdaQ1#\x1dk\x0f\xd6\
\xcb\x06\x8d\xcb`\xd4\xc6R\xea\x8b|R\xd7\x89\xbec\
A\x7fIfj2\x09\xd2\x1b\xaf\x81\xdb\xa2\xc9s5\
XuV\x87\xf5\x8ah\x80\x9cY\xb5\x8a\xc1\x8f\xf5\x22\
h\xbc\x80\xba\x87\x06P\x88\xf9MU>\x02\x94dn\
\x03\xb6\x97\xb9\x0b\x10k\xeb\xc0w\x08\xda\xdcL\x84f\
\xcf\xb3L\x9cK \xf0a\x05[@\xf9\xfdK7j\
\x00\x82\xcdV\x86\x13+\x95\xfb\xc5\xca\xf6\x8e\xb44\xed\
nnfFJ\x9c\xa1A\xeb\xd70I\xbdzu5\
C\x8cL\x7f\xf5\x0b\x88\xd3\x1ew3$<\x0a \xce\
\x13\xd7\xfd?\xcd\x16\xcf\x14\xc6\x99VV7\x95\xe6n\
eS\x9bR\x86\xb6\x8a)\xb5\xd7U\xe6\xc0\xf2\x80\x96\
s\x02\xfd\xbc(\xf2\x09\x92P\x0f-\xc4\x19T`\x84\
\x08\x99&\x14\xc4\xd3\x07\x93R\x0fd\x0an-\xc1\xd1\
M\x13\xafB\xa4J\x9a\xca\xe9\x03\xea\xd2\xf8\xfa\x19'\
\xa6\xf4\xfb\xb0ny\xd8\x8f,\x90}JH\xe9\x8dX\
\x86\xcf.\xf7\x1bH\x87E\xc6\x81\x83\x98r\xff\x17#\
\xad\xb3\x14g\x94\x0a!\xf1\x06\xd4:\xe4HX']\
cU\xf9\x8c7\xb0\x841G@[gI\xceh\x11\
%\xf2\x06\xd5<\xe0\xe88\x11\xcbr\xc6\xa9\x10*o\
H\xadC\x8e\x80\xd5\xca\xd2\x9c1\xf7x\x04\xdcsl\
h1\x96\xe7b{y\xdd[\xc7\x06\xb4\xc6\x12\x9d!\
vy\x84\xd8u|\x10\x09,\xd3E\xbcz\x0dV\xbf\
mMm<oJ\xc5\x8f\xe5\xf9MJcJ\x94\x94\
\x7f/\xad\xccI\xdb3(=iu\xb6Rkk\x02\
\xf6\x07\x8d&\x82\x09$\xe4\xd3\xa7\xe1a\x84W\xf1n\
\x8e\xdf\x06\x05\xbcC!o\x913\x16\xec\x9f\x0f\x1e\x97\
_\x17\x94/\xd9\xd2\xc7\x17Rv\x04n\xefU\x8b\xb3\
\x9f\x0f\xc6-\xe3\x0cW?6\xc8mj{\x17\xd8\x87\
\x890\x8d\xb5\xb2\xa5\x9fP\xc2y)\xc7\xf1zNY\
\xb2\x80a\x00QV\xab\xeb\xbe\x89\x85b\x1d\xb1\xb3~\
\xa2\x90\xa5\xc2k'?\xb8\xf7R\xe99\xb8\xc9\xf9\xc1\
\xbe\xe1Q\x84\x8d\xcf\x8cQ\xdd\xd6\xc8\xab\xf6\x14\xc0\xc5\
:\xe3\xdb\x5c\xf5\xba\xf6\x9b(\xacU\x94\x9a\xbbT\xc7\
\xe8\x9b\x04ov\xeb/\xb7\xd7!\xde\xbc\x16j\xe45\
'Z\xf1\x85\xbe\xc3\xd5\x9e\x88\x07\xdd=\xa5 ^s\
\xaa\xd7w(\xc7\xa8\x17\x81&~\x82\xea\xc1\xea\x8b5\
9\xf1\xe4\xa7M\x5c\x1bOBd\x0e\x03D\x11\xa57\
\x17\x14\x86:CJL\x18\x9f1\x11\x22;Z\xc3\xa2\
rX\xd7-\xff Jh\xcc\xa7n\x94j\xe9\x086\
\xe2H\x1d\x04\x8e\xd4\xd6\x89s\xd9\xd9mtf\x99\xbc\
\xec\xb3?O\xeaz\x82\xf8\x1e@1\xad\xdd\x0e\x11b\
Z\xf6,\xf9\xda\xc9\x22Z\xbbZ\x0a\xdb\xdf%Y\x86\
\xf0\xdc5>\x1eg\xe5A\xda\x0dYSM\x8d\xdds\
\xb6F\x17U\xb5\xa1\x8e1\xebsqlh\xb4\x9e\xe4\
f\x14\xc0\xa5\xc2\x1f\xa8\xd0.\xed\xcd\xcaa<;\x0d\
g\xdeJ\x8b\xbb\xa5=9h\xe1\xdc\x14,\xcc\xa3X\
\xb5\x1e\x07\x8e\xe7\x85\x8b\xb3\xc2\xf39\xd1\xb8\xea)\x7f\
\xd8/\xef\xaf\xc07OJ\xc5\xb9\x13\x8e#\xc2}\xa4\
C\x10\x91\xaf\x19\x8f-\x8clo1O \x90\x1ax\
[\xce\x87\xc6\x07\x0c\xfffFt\x1a\xaf|\x9f\xd4\xbf\
\xa3^ik\xedk\x8a-\xf3\xdb\x1a\xea\xb3\x9a\xda\xa5\
ov\xbc\xfa$\x87\x17\xba \x22\xd2\x1cZ+\x9b\x18\
\xa9=0\xefJ\xa3|\xcb\xd9\x15\xc4g\x83\xb6ep\
\xe8\xac\xa5K\xa0\xa3L:\x85\x92\xaa\xbd\xcb\xda\xe9v\
\xd0\x11\xb1\xba\xac\x9f\x17\xa2@\x08\xd4\xcc\xb6\xd9\xf5\xeb\
z:\xe8\x0e\xd0I\xd0s\xb4#\xb7Aa\xab)\x8e\
(#/r\x96wo\x08\x91h\x5c!\xff\x89\x96\xb5\
\x84j\x8b\xf4\xf2\x10iB\xc4\x17\x89\xf0=o\xf3\xc6\
\x10\xb6\xf4\xe6\xb7-\x5c\xbf\xf6a\x17\xe5\xb5\xaf\xea\x10\
9\xe5\xa5\xc5K\x0c\x07\xee\x0d\xfb\x86\xff\x03y\xe6\x0b\
\x83\
\x00\x00\x06\xc3\
i\
mport QtQuick 2.\
15\x0aimport QtQuic\
k.Controls\x0aimpor\
t \x22../../commonU\
I\x22\x0aItem {\x0a    wi\
dth: parent.widt\
h\x0a    height: 50\
\x0a        // \xe6\xa0\x87\xe9\
\xa2\x98\xe5\x92\x8c\xe5\x86\x85\xe5\xae\xb9\xe5\x8c\xba\xe5\x9f\
\x9f\x0a        Row {\x0a\
            spac\
ing: 20\x0a\x0a       \
     // \xe6\xa0\x87\xe9\xa2\x98\x0a \
           Label\
 {\x0a             \
   id: accountti\
tle\x0a            \
    color: \x22whit\
e\x22\x0a             \
   font.bold: tr\
ue\x0a             \
   text: \x22\xe8\xb4\xa6\xe5\x8f\xb7\
\x22\x0a              \
  font.pixelSize\
: 15\x0a           \
     width: 50\x0a \
           }\x0a\x0a  \
          // \xe5\x86\x85\
\xe5\xae\xb9\xe5\x8c\xba\xe5\x9f\x9f\x0a      \
      Column {\x0a \
               s\
pacing: 10\x0a\x0a    \
            Text\
 {\x0a             \
       text: \x22\xe7\x99\
\xbb\xe5\xbd\x95\xe7\xbd\x91\xe6\x98\x93\xe4\xba\x91\xe9\x9f\xb3\
\xe4\xb9\x90\xef\xbc\x8c\xe6\x89\x8b\xe6\x9c\xba\xe7\x94\xb5\xe8\
\x84\x91\xe5\xa4\x9a\xe7\xab\xaf\xe5\x90\x8c\xe6\xad\xa5\xef\xbc\
\x8c320k\xe9\xab\x98\xe9\x9f\xb3\xe8\xb4\xa8\xe6\x97\
\xa0\xe7\xba\xbf\xe4\xb8\x8b\xe8\xbd\xbd\x22\x0a    \
                \
color: \x22#8f939e\x22\
\x0a               \
     font.pixelS\
ize: 13\x0a        \
        }\x0a\x0a     \
           // \xe7\xab\
\x8b\xe5\x8d\xb3\xe7\x99\xbb\xe5\xbd\x95\xe6\x8c\x89\xe9\x92\xae\
\xef\xbc\x88\xe5\xb1\x85\xe4\xb8\xad\xef\xbc\x89\x0a   \
             Rec\
tangle {\x0a       \
             id:\
 loginButton\x0a   \
                \
 width: 80\x0a     \
               h\
eight: 24\x0a      \
              ra\
dius: 18\x0a       \
             col\
or: \x22#ff4a55\x22\x0a\x0a \
                \
   Text {\x0a      \
                \
  text: \x22\xe7\xab\x8b\xe5\x8d\xb3\xe7\
\x99\xbb\xe5\xbd\x95\x22\x0a         \
               c\
olor: \x22white\x22\x0a  \
                \
      font.pixel\
Size: 13\x0a       \
                \
 font.bold: true\
\x0a               \
         opacity\
: loginTextArea.\
containsMouse ? \
0.8 : 1.0\x0a      \
                \
  anchors.center\
In: parent\x0a     \
               }\
\x0a\x0a              \
      MouseArea \
{\x0a              \
          id: lo\
ginTextArea\x0a    \
                \
    anchors.fill\
: parent\x0a       \
                \
 hoverEnabled: t\
rue\x0a            \
            curs\
orShape: Qt.Poin\
tingHandCursor\x0a \
                \
   }\x0a           \
     }\x0a         \
   }\x0a        }\x0a \
       // \xe5\x88\x86\xe5\x89\xb2\
\xe7\xba\xbf\x0a        ZYYC\
utLine {\x0a       \
     anchors.top\
: parent.bottom\x0a\
            anch\
ors.topMargin: 1\
5\x0a        }\x0a    \
}\x0a\
\x00\x00\x05V\
\x00\
\x00\x12\xdex\xda\xb5X\xddN\x1bG\x14\xbe\xdf\xa7\x18\
\x99\x9b\xa6j\x17\x07\x88K,\xa1\x8a\x9aV\x89\x94H\
\x10\xa8*Z\xf5bX\x8f\xedQ\xd6;\xd6\xec,\xe0\
D\xbe\x88\xd4\xb4\xe4\x874\xb4\x11mi\x11M\xd56\
\xa8UH%P\x81$\xa4/c/\xe6*\xaf\xd03\
\xbb\xb6\xd9\xf5\xce\xacK\xa4\xae\xa2h<\xe7\x9c\xdds\
\xbe\xf3\xf3\xcd@\xab5\xc6\x05\x9a\x113\x1e\xb5\xae\xa3\
\x11\xf3\xfc\x05\x83\xc6\xf6\xcc\x02s\x04g\xb6\xdb\xdd\xcf\
\x98\xe60\xfc\xb3X\xb5\xca\x9c\x8f/gN\xf73\xc6\
eA\xaa\xe8\xa6\x81\xe0\x89,\xe5\x83\x1d\xab\xc2\xb8k\
\x96\xa8m\xe7Q\x0ds\xe2\x88\x84\xd0&%q\x15\xf3\
2u\xf2hd,!\x16\xac\xd6\x95\x9e\xcf\x1a=\xf1\
\x15\xbc@\xec\xc8\xa7\xe4C\x8by\xe4\x12A\x9d\xf2\x1c\
\x156\x89\xc9,f3\x9eG\x99\xa5\x0a\x15$\x13\x13\
\x95 Vs\x81\xd9`-\xb8\x177\x13dY\x80U\
{\xe7\xd5\xf1\xd1\x8e\xc2\xacF\x97\x89=Ko\x10\xf0\
=\xdb\x137N\xfd\xecC\xa4\xeb\xa6\xc0\x0b\x12bL\
\x1d\xc2c\xc2H\xd8\xb1`\xc0A!XU\xa7\x1b\x81\
(\xaaQ!\xb4\x5c\x81\x00FrFl\xff\x1a[\xea\
s*\xe2\x18\x08\x13\x22\xb7\x86-p%\x882!\xac\
qV#\x5c\xd4\x11u\x04\xb2<.\xd3|\xd9)\x92\
\xe5<\xca\xea\x95\x171\x97_s\xf3\xe8\xb3L{\xef\
\xf7\xd6\xd7\xfb\x99wP\xa6up\xd0~\xf2\x85\x5c\x1d\
\xef\xbe8~\xb1%W\xfe7O\xfdG\xaf\x82\xd5\xdf\
+\xfe\xadg\xcd\x83\x07'\x1b\x0f\x8f\x9f\xdc\x0a\x0c\xfe\
\xf9\xd3_\xdd?y\xb4#\x7f\x9cl\xed\xb6\xf7\xb6A\
\xde<\xb8\xd7>:\x0aL\x1e\xdf?\xd9\xfc\xc5\x7fz\
\xbf\xfdl5\xd0\xdf\xff\xadu;\xfc\xd4\xed\xdd\xe6\xf3\
\x07\xc7Gk\xfe\xf7\xdf6\x9f\xaf\x81m\xf3\xf0a\xe6\
\xf3d|\xd7H\x8d`A\xb8\x022\xf9TY\x91\xd8\
]\xe4L\x19\x92R\x0d\x94H\x19^\x93W\xd5\x84\x22\
\x0dRK\xab\xb3D\x8b\xa2\x12\xa8\xcdA\x85\x9a\xd0\x8d\
6\xb5\xa8\xf8Dnk\x8dz\xd50fhu\xe4\xeb\
R|\x8b\xf8'5S\xf5\xc2\xde\x09\xd0\x99\xc2\x02\xa7\
\xeav\xda\xb3\x83a\xb4\x86\xd0\xc4\xc4\x04\x14\x96\x5c\xbd\
\x8f2C\xa5\x91\xd2Xi<\x83\xa0)\x87\xc6K\x17\
G/\xf65s\xff\xd3\xdf\xa50\xea\xd2\xd4\xbb-\xb5\
\x08%J-l\x17\xc0\x0d\xc2\xbb\xb3\xabo[\xfb\xa6\
\x86\x1e\xdf\xab\xccs\xc9$'x\x00\xc8\xa9\xa3S\x99\
\x5c\x06\xce}\xe8\xe0\x05\x9b\xa8\x06Y\x02p\x8f\xbb\x8c\
\xcfVp\x0d@\x99\x11\xe64\x83\xe6\x85\x0e\xbf\x84\x9d\
b!\x90\xa5\x9a3\xa7\x00\x05w]~*=\x8e\xa0\
\x10TY\x0ds:\xd0\xd6\x03-n\xc3\x984\xa5M\
\xa7-\xcc\xb3\xd8\x05\xad\x12\xb1]J\xed\x910}g\
\x93$w\xe3;}\xe5p\x8dX\x02;e\x9bhF\
p\xcfuC\xdb\xc0\x86f\x1eD\xf8\xb3\x9f\xf8\x86J\
\xa51|\xe1B\xb2[\xba\x95\x16\x12L\xaf\xd4\x15|\
#\x9f\xc4Lo\x18\xc9\xd5\xa7\xf3\xf3\x05O\x5c\x81\x10\
\x12\xccgy\x22\x16Z\x8c\xef\xa2\xac\xd8\xef@\x04\xc4\
\xe1a\xe4\xbf\xd8h\xdd\xddn\xdd\x7f\xde\xda\xdaj\xed\
\x1c\xb6~\xd8\x1e\xc4\xb8\xae\x05\xe7\x19;\x9dt\xe5Q\
\xa4\x07\x80\xfc\xa1\xd4\xe2a\x12:j\xc1/=\x85w\
\xe2M\xa3\xef\xc1\xc0\x0f&\xfa\xf8\xbb\xbaJ\xf1Y\x07\
\xb0\xb5\xbf\xfa\xa3\xb5\xb3\xd1<\xbc\x13\xe2\xe7o>~\
\xfdr\x05\xb8\xb5\xf5\xd36\xfaH6\xb4\x1c\x1f\xa8\xf5\
\xeb:P\xe6\xeb\x97wb\xe6\x1a\xd6:\xc5\xf6\x03\xcc\
\xb5\xc55\x08\xb3\x04n\x1dMX\x9f\xb1`u\xad\x91\
KJ\x82:Zkm~\xa7`|}\x8b\xf6\x82\xb6\
iQ\xc3\x01\x9dOv\x1c\xd3\x0f\x9cn?\xe7\xb2F\
\x0a)f\x86r8G\xde\xb3\xd4D\xc7q\x91zp\
\x88\x1a5\xd2h\x04\xfe\xa37d\xed\xf73Z\xbf@\
\xcd\x5c\x12\xa9\x9f\x0f\xfd\xd5\x9d\xb0n\x9aG\xabp\x1c\
\xf6\x7f\xdc\xf3\xd7\xff\x0a\x11\x0cw\x94\xb6\xf5<*\xc9\
\xd22\x17\xa9K\xa1\xbc$\xf9\x99\xf5i\xe6RA\x99\
\x83\xdeFo\xf5\xca\xc7\x0c\x01A\xef\xa2\xd1\xec9\xbd\
'\xf7\xd6\xfd{G\xf2\xbbw\xb7\x8d7\xe5\xd83\xf1\
k\x91\xe32\x1c\xecx\x99\x88\xd4\xbc\xf7t\xf12\x85\
\x94L\xc9\xe5\xfc$\xac\xd3\xb5\xab\xd4\xa1U\xaf:\xaf\
:.\xc7\x15\xe1\xbd\xa1\xa2\x02\xb2\x5cV\x7f\xea`N\
\x17\xefB\x05\xeaz0m\x87\x19\xb3\xa00\x00\x97y\
`\xcf0j\xb3\x8e\x86\x95\xf9\xcae\xcf\xc9L\xc6\xcc\
.u\x85\xe1n\xa8{\xee\xff\xe5V(\x8f\xc8\x1c\xfb\
\xf2\xb6\xe4\x86\x80$bZ\xa7*\xeay\x168l\xbc\
Q\xc9\xc4\x06^\xefZ\x9bU\xd0r\x04#\xe8\xde\xf1\
\xacB\xc7\xa6\xb5\xceQ.!+0\xdb\xab:\x9a,\
\xfe\xd7\xf9\xd3\xbb\xd5\x8df5\xcd\x06\x173\x7fe_\
)\x9c\xb4,\xe6\xc1\x85\xeffCc\x1b^\xe5\x94\xc2\
B\xf0w\x04\xbdix\xf7S\x0ag\xeb.\x10\x91\xd6\
2\xbc+*\x85\xd36\xae\xeb\xed\xe27K\xf5\x5c!\
\xae\x8b\xcbd\xd2)Ns\xba\x88-\xfd\xdbz\x97R\
u\xf4\x9e\x0bL5\x0bu\x22\xe0x\xa0}I\xdfe\
V\x8d\x06\xa4\xa08\xe3a\x9b\x8a:\xf85\xc5\x96\x1c\
\x9b\xe1\xa2>\xcc\xc8mX\xa92E\xdc\xeb@\xbaW\
\xea\x9cZ\xae>\xbe\xe0\x12\xad\x14\xce1f\xeb\xedT\
Wnuu-0%4\x8d\xd4\xc3g\xc3h\x18\xff\
\x02|W\xf1\x00\
\x00\x00\x04\x13\
\x00\
\x00\x12Cx\xda\xedXMo\xd3H\x18\xbe\xfbW\x8c\
\xdcK+D\xea\xa4\xa4@X.\xe4\x80*\x81\x10\xa5\
\x1c\xd8\x9b\xe3L\x92\x11\xf6L\xe4\x8ci\x16\x14){\
\x00\x12\xa9\x15]\xb4K\xcb.\xa8\xc0\x8d\xc3\xd2\x8a\xee\
\x22h\x8b\xf83q\x82O\xfc\x85\x9d\xb1\x1d\xe3\xafq\
R\xa4V\xac\xc4\xb4j\xc73\xcf;~\xe7y\xdew\
>\x8c\x8c&1)\xb8N\xaf[H\xbb\x0d\x0a\xb9|\
QB\x91\xb6\x5c\x99`j\x12\xbd5n\x97s\xb9y\
\xf6\xab\x11\xc3 \xf8\xe6\x92,IK\x14\x1a\xe0\x9e\x04\
XYEU\xda(\x81\xa6jBLs\xee\x93\xdb\xde\
\x80\xa8\xde\xa0%\x90?\xa3Hn\xc3\xfc<\x18\xbex\
\xe8\xbc\xdar\x9f\xae\xa8\x15\xa8\xfbC\xf0\x82\xaa%\xd0\
\xfa\xa5\xc5\xc6]AT\x87A\xbbFtb\x96\x80\xbc\
\xda@\x14\xcaAs\x8d\xb9\x98\xab\x10\x9dYQ\xd3\xfa\
\x0a\xa7\xb0\xcd\xde)\x8f\xf6\x0eF\x07\xdb1x\x13\xb5\
\xa1~\x03\xdd\x85\xcc\xa9b\xd0\xe5\xfb_T\x82\x16\x15\
k\x0db\xb6r:\xac\xd1`b\xfc!\x81\xa0\xa4\x19\
\x00X\xdd\xed\xefx\xb3-\x13\xdd2pt\x82\xde\xfc\
\xbc\x9e\xf8\xfb\x13\xfc%=\x09\xd1\x9339\xb9\xa9\xb8\
\xab\xaaYG\xb8\x04\x0a\xcaT\xee\xf2\xd2j\xaa\x1a\xc2\
\xf5\x88M _\x88\x18\xa6\xa0}\xd8\xb57v\xec7\
\x7f\x0e7\xdf\xd9\xf7\xf7\x9c\xcd\xbf?\x7f\xdc\x19\x1c\xbc\
\x0b0?\xdf\xbaUn@\xedv\x85\xb4C\x93\xf7\x09\
\xa8[*\xae\xa0K\xa4\x1d\xe9\xf05\x13\x0d-'\xc0\
e?&fjn\x89\x02\xb8\xd4\xbe\xc8\x0bAG'\
\xa8\xf1\xc8\x8d\xfa5Y\xee0\xca\xf4h\xf1aQ\x19\
\x12\x5c\x07\xf3e\xa1J)1D\xc8\xb1fy%\x82\
\xf0\x22%\xeam\xd8\xb2\x86t}\xecJ\x02\x14\x88\x1a\
\x1bt,d\xff\xf5\xe0\xe3S\x8fgF\xb8\xb3\xf9O\
\x02\xb5LVA\xf2\xe5\xf1\xb1S\x01+L%\x81m\
X\xf1\x84\x0f\xb2\xd0D\xb0\x0e\xc4K\x22\xd1\x17\x84\xd0\
1\x8bw\xa0I\x91\xa6\xeae\xc6\x22d\xaf0\x10\xb6\
(,\x13\xa3B\xb8r\xd1\xee\xd4\xd1:\xe9$\xf0T\
\xf0G\xc9\xe0\x82/|\x0db\x99c\xa8\x10\xe8/\x14\
\xe7\x14!b\x9c\xb3\x853\x92\x10\xc3\xa4\x1f\xfd\xbe=\
\xecm(\xa7\xf3\x05{\xf7\x11\xe7\xbd\xdbw^~\x10\
Z\x18\xa4\x0aY\x98]A-z\x95W3\xe6\xe2\x05\
-\xdb40O\x0e\x82y]\x87\x14\xb2)f\x1by\
\xd2\x99`\xf6\x8ej\x02\x04.\x02\xe5\x02\xfb\xf7\xd3E\
\x90/\xb0\xca\xa9SsS\xd8\xbb\x9a6\x9b\x10Wg\
\xefy\x01\x86Xn\xdd\xa0&\x8b\xd4\xd9\xb9\xce\xdc\xc4\
\x01:\xd2\xb7\xf5\x8a{4\xcb\xe4\xb9\xb9\x84\xab\xb0]\
\x02\xcaQ\x82g\xca\x0cr\x05\x9c\x9c53\xe7j\xe7\
\x17\xce\x1fo\xde\x84\x83\xf8D\xb2&\x9a\xa8'\x977\
\x8b\x8a\xdd{\xe0<\xde\xfe~\xf3\x06,*?\xd2&\
+m\x5c\xfd\xbe\x8f\xb4\xf9\x96\xedf\x0a2\xf8\x16\x1f\
:D\xd9\x1bk\xde\xb1j\xf8l\xff\xcbao\xf4\xeb\
\xee\xe7\xfe\xdb\xc1\xfbu\xfb\xd1\x0e\x0b\xe3/\x87})\
-\x0f\xd3\x0frq2\x05\xaf\x91\x85F\xc1\xf9\xad\xa8\
\x16\xe1\xa2*{w\x83\x7f\xef{^I\x22\xa23)\
\x86X\xad\xe8<aj\xaa\xde\x82Gbh\xf0\xfe\xc0\
y\xfej\xf8\xfc\x93\x94\xcc\xc9\xd8!\xfe8\x0eAQ\
\x1fN\xea\x04$\xc8\x1f\xf1\x99/2\xe5\x05%s\xa5\
\x1c>\xeb\xb2\x9d\xc9^{b\xf7v\xbd\xab\xd8\xb0\xbf\
5\xfak\x8bE\x9e\xbd\xfe\x07\x0b\xb8\xe1Z\xdfy\xfc\
&-\xecB\xe1\xb7\xacV\x11\xb9d\xb1\x833\x9e\xb0\
\x8e\xf9\xbb\x012\xd8\x8c]\xabL\xb4O\xbc\xc8I9\
\xd3X\xe39\x01\xe3\xd7\xce\x89\x91\x9evS9r\x8c\
\x8fK\xdd$\x16\xbb]\xc8\x9aNZ\xf0Z\x93\x22\x82\
/\xf3&9c\xad\xcd\x92\xcb\xe9v\xed\x87\xfb\x83\xfd\
\xdf\x9c\xed\xbd\xc1\x87\x8d\xe3T\x09\xb6\x11\x9dZ\xa1\x98\
_\xf2\xff\x88\xeei\xd7\xed\xf4\xa7\x8e\xf4\xf5/_\xa6\
z\x0f\xec\xfe\xdb\xd1\xbe\xb7@-C\x8d\xaa\xb8\xae\xc3\
\x10\xdd\xd3|D\xe07\xd2\xf0\x17\x88\xf8\x9d4\xb8\xf1\
'\xbe\xbd\xcc\x14\xf2\xec\xe7\xac\xec{\xd5\xf9\x0f\x15\x22\
\xa7\xfd\
\x00\x00\x08[\
\x00\
\x00*\xb0x\xda\xedZ\xddS\xdbH\x12\x7f\xd7_1\
\xa5{\x81\xda=\xc7\xc1\x90\xcb\xfa\x96\xbb\xba8\xf7\x91\
*R\xbbYv\x1f\xf6R<\x08{\x8cU\x11\x92J\
\x92\x03\x5c\xcaU\xb9\xba\x10>\x021$\x04XB\x0e\
'\xc7f\x09[|l\x92\x0a\x18\x1b\xf2\xcfX\x92\xfd\
\x94\x7f\xe1fF\x92-\xeb\xdb\x90Mm\xb6V\x95\x0a\
\xea\x99\xeeQ\xab\xa7\xfb\xd7\xdd#\xb3\xa3\xa2 )\xe0\
\x9ar-\xcf\xa6o\x80\x9e\xd8\xf9>\x8am\x1b\x8b\xa5\
\x04^\x91\x04N\xb6\xc6\xe9X\xec\x1c\xfa7\xcc\xc8l\
\x9av\x0c\xa6\x85\xd1Q\x81\xff\xe6\x8as\x5c\x11\xc4\xaf\
Y\x85\x834EQW\x148\x0anQ\x00]cl\
F\xc9%\x81\xc8H\x90Wb\x84\x22\xe39\xc8\x8e\xe4\
\x94$\xe8\xed\x8b\x13\xfa\xdc9\xa0\xee\xac\xd4\x8e\x1f\x12\
J\x94\x04\x11J\xca\x04\x00\x1c++\x9f\xcb\x8a\xc4\xf2\
#\x7f\x02Y\xa4\xa7\x0c\x92\xe0:\xdd\xa8\xac\xd6w7\
\xe9O\x01]\xab\xbcUw\xef\xe1;u\xfe\xbe\xb6<\
\x85\x08\xb4J\x8bv\xcek\xcb\xfb\x8d\x9d\xa2\x8d\xfe\xfe\
\xa0\x8d_\xaf\xdcmT\x16[t\xfd\xe9\x5c\xad\xfc\xbc\
E7\xd6\xdeXt\xebI\xe5\xaa\xba~\x97\xdc\x9d\xec\
\xd6\x8f\xf7\x1a\x8f'\xad5l4\x18\xc0\xaf\x8cG\x91\
\x0e-am\xb9\xac\xed\xfcO\xfda\xad\x8d\xaeO?\
\xc0\xf4\x101\x87e!\xadT\xd6\xe6wY>\x03\xc7\
\xebo\x97\xd4\xc7\xffU\xf7\xca\xea\xd1\x92\xbevgT\
\xc8@N{\xb4\xafW\xee\x10\xe6l\x9eO+\xac\xc0\
\x83\x11\xa8\x5c\xc5s\x97&\xae`\xb1.63\xdem\
n\x0d\xbe\xd8,\xc0C\xa0\xbf\xbf\x1f\xc4\xed\x13\xf8\x92\
\xa0\x92\x97x\xc3\xea\xcd\x89\x02\x80\x9c\x0c\xdb\x04\xcf;\
\x05o2\x12\x90\xd9\x7f\xc1\x01\xb4y\xa0\x1f\x5c\x1fj\
\x9b\xcd\x0a\x12\xe8\xc2,,\x9a\xeb\x89\xff\x11\xfd\xfd\xbc\
\x1f|v\x01\xdd|\xf2\x89s)|YK\xc5\xc4\xbc\
\x9c\xeb\x1a$\xce\xd0\xc5vw\xb71\x16\xbcT\xb7$\
\x83\xb4\xef\xf1y\xed\xeb\xb4V\x9aR\xa7\x8cm\x9d-\
\xe9/W\xe8\xa1\xa0u\x12\xfe\xeb\xac\xcfh\xc5b\xfd\
\xa4L\xb6w\xa5d\x12\xb6\xd5(\xa7\x8c1W\x08\xde\
}#\x08\x1a\xb7gj\x87;\xc8\x07\xf4\xd7\xcf\xd4\xea\
#\xd7\xf6_\x86Y&\xcf)g\xdb\xfe\x18y\xec\x17\
\xd9.+\xf2\xba;r\x08s\xa9\x84S\xc8\x93+\xee\
\xb0K\x81\x22\x7f\x06\x98a\xc8\xd9T\xcf$3P\xbe\
\x81`g`Bb\xd3-\x07M\x0b\x9c %\x01=\
\x96c\x15\x84F-\xafC\xf83,p\x99$P\xa4\
<l\x8e+p\x1c\xc1\x10\xad=\x9dk<y\xa6\xed\
\xcc\xd5\xf7\xe6\x1dB\x22;\x0e\xb9A\xe4II\x80\xa0\
\xd3\x9a2\x81-\x11\xb7\xedTJ\xe0\xf2\xa3|KG\
\x86O\xe7\x04I\x8eq0\x8b\x9e\xd1\xa6nL\xc2`\
\xe0\xe2\x94\x0cT4\xe1\xd2\x9b\x07\xafv\x95\x91FX\
>\x09\xfe\xd02\x96,2i\x14\x18I\x14R\xcd\xb1\
\xaf\x84\xb1v\x137\x99loB\x18\xa1\x08\x19\x05J\
\xee\xe0#\xc8\x82!W]\xd8\xd3\x97\xb6\xda\xec\x84#\
\xc3\x18%\xb4v\xbb\xa2\xaeo\xa93\xf3\x88\x83\xccm\
.c\x805\xe6VO\xf4\xcd#\xef\xd1\xc6\xc6\xab\xfa\
\xde\x22=\xe4z\xf6?\xbf\xfd6\x95\x83\xe9\x1b\xc3\xc2\
\xb8[\xb1\xe6\xe6\x11\x0d/3\x0a\xe3\xc9\x92\xc6\x0b@\
\xb4\xebY\x06y\x9c\x8b\xa5\xe0\x03\x22\x85\x086\xb4\x19\
\xdanC\x10dD\x92\xe3\x88\x19vV\xd4\xe2\x81y\
\x87\xc1\x05c\x83\x05\x0c\xae\x05\x908\x1cA\x8b'M\
\x1f\x03\xde\xf6\xf0\xdb^\xeb\x221\xe4#\xdb\x0a\x86`\
\x83\x06\xc4\x98\xf3r\x85O\xc2\x93\xb5@y\x0e\xe3\xdd\
\x17F\x87\x85K\xc2x\x80\xca\x08\x07\x90:\x06\x9b/\
\x93\x19\xac\xe7\xe3q_\x16\xab I\xf8\xb3\xf8N8\
\xc0y\xf7D?\xdemO\xcd\xbe\xa2\xa6g\xb8\xd24\
\xfe\xbf\xfb\xfdhbO\x13\x8d\xa7e\xffM\xcdK\x18\
u\x88\x02Iw\xe6\xf0\xd7\xa8p\x8a\xa8\xa2l\x1a\xd7\
\xf7\xff\xa3=z\xad\x95\x0e\xd4j\xb19\xee\xc4\xd2 \
\xf7\xf6sk\x13\xdb\xed\xeb\xbb\x9d5\xc4\x97]>\xdc\
\x1bPv\xb8\xb0\x22\x08/B0\xc3\x8e\x1b\xbe{\x86\
\x10e\xfe\x11*Qm\xf0Z~\xa3\xdd\x7f`\xd2C\
\x9f\x06Hj[\xdb-N$\xa9\xff\xb8\x1cQR\xfd\
i\x12\xf9\x12y\xda\xc1s\xe4\xe8\x8d\xe3\x05B\x14_\
\x99\xc4\x90\xa7\xf0\xd0Y\xe2\xdc\x0a\xe1\x9e3\x85\xb0i\
\xd0\x08\x08\xd7\x16\x0c\xf1\x9f\xc5\xef\x8d\x1c\xd8x\xb6^\
\x9fyi\x84j4\xefw\x98\x80r\x00@}j[\
\xdd]\xab\x95Q\xbc\xdf\xd3\xee\xcdhO\xefv\x12,\
v\xa5~\xf6`\x01\x9dEK\xb8\xa7\x84xI\x88\x87\
4\xd3t\xd3\x84\xc4\xad\x17\xb7\xb4\xd5\x87\xfa\x11\xa9i\
\xea\x0b\xc7\xda\xca\xf7\xdaw\xcb\x86\xc3\xef\xe9\xd3?\xe9\
/\x0d\xb6\xcd\x17\x8d\xef&\xeb\x0f\x9f\x90L~8\x89\
\x9a<\xbd\xf2\x96\x10\xaf+\xea\xecc\xfd\xf5\x8f\xc6\xcc\
\x0bmc\xa9Q\xb9C\x9a\xd7\xe3\xfb\x08\x9c\xf4\x7f\xef\
\xfbDL\x98\x17zdN\x9b_\xdd\xa9\xff0\xfd\xae\
:];~\x8bJ4\x0bi\xdeUgN\x8bB(\
\xda_j\x0fv\xb4\xa5\x13\xf2\x22\xeb\xdb&\xe1\x13\xd7\
\x11k\x96\xb6M\xbfHQ\xbeL_\xc1\xb4\xc2\xf0#\
\x1c\x0cX\xc8\xaa\x08D\x09\xded\xe1XPM\x10\xb1\
.\x88\x08,\xa4\x7fa2l^N\x82\xde@.+\
\x84~\xd7\xd3\xd7s\xa1'M\x072\x0f\x0bR\x06J\
1K\xcf(\xbc\xcd\xf5\x13\xd9\xdeD_\x9c\xa6\x02\x85\
\xbc\x83\xd0yY\xadG\x1a9#\x94\xae\xf0V\x87\x12\
*\xd8\xca\xd8q*\x94\x19\xb9\xae\x81;\xea~Q[\
.\xabOV\x90\xf7\xaa\x87\xcf\xb5\xc3\x05\xb5\xb8\xea\xe5\
\xb8\xa7u\x11\x17\x5cD\xe2\xb6\xdc \x22\xbb\xe5\x0e\xd1\
\xb8-\x13\xdf\x84\x92\xc2\xa6\x19.EL\xddl\x05\xdb\
\x87\xa9HK\x8e`\x0d\x10\x7f\x12\xfc\xdd\xbc\x8bh\x16\
|Y\x22\x83\xa8e\xed@\x8c\x9c\xde\x092\x8bO\x1f\
\xfc\xf2fHd4\x9339K\xb0\x81\x0e\xf83\xb8\
\x84\x8f$S\x02\x9feGbY\x96g\xe5\x1c\xcc\x18\
\x0d\xf57b\x0a\x8b\x83d\x1bO\x9e\xff\x9b\x17Wd\
\xb5\x0a\x1f\xd6^\xe7?\x9c\xbd.\x0bc|\x14\x8b5\
\xf9\xde\xb3\xcd\xc2\xb9\x0a\x91\x10\x03\x1f\xf9\xee\xac\x84r\
~\x8d\xaa\x9b\x88\xdb\x12\xb5\x09\xf6\x04\xf5lO\xb67\
{\x91\x8e$\x14\xb1=>\x1bR\x9cm\x1fB\xf6\x00\
#v\xb5\xa4\x95\xa6jG\x9b\xb5\xa3\x07\x81\xbcW\x85\
\xbc\x0c\xff\x22A\xa6\x83|\x93e9.r\xaeA\xc5\
\x92,H\x839FD\xb6\xbc\xa6\xc4\xbe\x14X^A\
\xc9\xe7\x1f\x0c\x9fI\x91\xb9\xd0%r\x02\xb2\xde_y\
f\x98\x83\xd69a\xa8\x8c\xc0\xa78\xd68b\xba\x15\
\xddW\x06Qq\x94V\xbe\x14\xc4\xbc\x18\x139fb\
PA\x95\x12\xe8\x0f\x0cf\xda\x8a`\x1a\xc5,\x9d\xe7\
\x9b\xe4\xe9\x1e+\x88\x90\xef\xea>\xb3\x83t6S\x08\
\xabamdp\xd7\x84\xab[u\xeeH\xdd\xd8pt\
M\x8em\xf0\xfb\x02\x15v\xa8\xd0I\xd3dhs\xf6\
v)\x11\xd0.Q\xaeR\x09?\xd3\xd9\xdd\x05U@\
\x1e\x96\x00\xbf\x07}\xee$\xdd*t\xdcsVUs\
\x91\xea\xb8\xb0\x0d+f\xfd\x0a\xd8\xd0\xd3/\xdb\xf7\xc6\
3U\xae\x96f\x17\x83\xbb\xc7^\xef\xc3U\xca\x07!\
\xd5\x83\xe7\xf5\x932\xd6\xf1]u\xad\x19\xd0FQk\
\xd4\xbb\xb8\xcc\xb5\x0eR\xdeU\xe7\xb4\xe9m\xb5\xb8\x8c\
G\xe6g\xfd\xaa\xde\x80W\xb6\xbd\xc9g\xe1\x87%\xa6\
7\x18$\x15\x06\xc8\xc6\x97\x0cS\x06\x13\xfe\x07(\x1c\
+:>\xb5tr\x8a\xa9NN\xeb\x95Uu\xfa\x8d\
q&\xee\xcb\x1av\xa2}:\xe5m\xa1\xad\x1f/\xa2\
\xee\xbfv\xb4\xd8\xd8xU+/\x04c\xad3\xa0\x13\
\x17\xc2\xd9=\xbeI\x05T\x18\xfe\x05\xdd%\x12=\xe1\
\xa5\x9a\xacLpH5\x5c\x10\xc5\xbe\xc8+\x1c\xcb\xc3\
p\xfe\xd4\xfbxz\xe1t\x9epw\xde\xf4\x04\x121\
F\xbd\x87#\xa6XRgK\xea\xfa\x96\xe1!\xb5\xc3\
\xd9\xa0\x0e\xf17?\xe9\xa4\x05\x9a\x08jE\x0a\xbf\x19\
9\xd4\xc8\xe1]S\xd4\xf2(0\xb3\x14_\xb52K\
\xf3<\xce\x99Y\xacS\xf9VfA#\xbf\xb8\xcc\x12\
\xf4\xe5\xfb#\xc8-\x9d\xa8\xffq8\xb4\xf3 \xe0C\
\xe7\x97\xd3<\xffc\xc90\xbf~o\xf9\x85d\x99_\
\xbf\xa1\xdf_\xa6\x09\xfexi\xf6\xe5\xcd3\xfa\xc6\xed\
\x19\xed\xde\x0b\xb5Z\xd6\xb7W\xac\x1f?\xb5\x9d/\x80\
\xb6\xdfj\xb9\x8e\x1fl?\x9b\xc2\x9f\xf5\xf2\xca\x00\x02\
\x8a[\x05\xaa\xf0\x7f\x0f\x8d;X\
\x00\x00\x03\xbf\
\x00\
\x00\x14\x0ex\xda\xedXOo\xd3H\x14\xbf\xe7SX\
\xe6\xd2\x0a\xc9u\x9c\xb8@n\x0b\xa7J\xbbR\xe9\x82\
Vps\x9dqb\xe1x\x22g\xac\xa2]EJ\x05\
\x94\xa4\xa4\xb4\xa5\xfc)\xb4\xab\x12\xd8n\xd1R\x02R\
W\xbbm\xd8\xa4\x1f\x86\xcc8>\xf1\x15\x98\xc6\x8e7\
\x8e\x9d*\x8d\xa0-\x82Q\x0e\x9e\xf7\xde\xcc\xfb\xcd\xfb\
\xbd\x997\x135\x93\x85\x06b.\xa3\xcb\xa6*\xdf`\
\x04.*FT\x9f\x8c\xbb\x04ud@-\xd7\x91\xb3\
\x1c7F\x7f2\xccd\xa0~u\x82\x8dD&\x10\xc8\
0\xbfE\x18\xdaf\xd4$J'\x98\xacd\x00\x1dq\
\xed^[\x9e\x06j*\x8d\x12L\x9c\xe7#m\xc1\xd8\
\x18C\x9e\xdf\xb5_\xac\xb6{?J\xd3@s\xa78\
hj2\xc1H\xd3\xd0DWT\xa4\x01O,C\x0d\
\x1a\x09\x86\x9dI\xab\x08\xb0\x9eX\xa1\x08\xb9i\xa8\xd1\
A\xc80\xff7G\xe0&u\xc9\xe2;;\xcd\xda}\
\xab\xbeLVW\x9a\xb5e{c\xa7\xb9\xb7\xd43:\
\xab\xde\x04\xda\xcf\xea\xaf \xc1\xd0\x08tT\xeejD\
\xbe-\xc9{\xc8\xf1\xe2N\xb3\xb1\x85\xe7\xee\xe0\xea\x1e\
.\xd7\xf0\xc6F[s\x09jfF\xefY\x86L\xa7\
\xa7\xb1pt\x9e&\x97\x95dUO%\x18\x81\xf7d\
\x92.\xa7\xa1\x91\xe3\x10\xccz\x11\xa4\xdfa\xfa\x9f$\
#\xa5\xea\x07\xe1\x0ch5\xa0\xa0\xee\xe0q\xc6A\xe4\
C\xcd:\xb3\x08.'\xee\xea\xac\xed\xed\xe6n\xa1U\
)\x7f\xfc\xef\x99U*\x92\xf5\xed\xe6~\x85\xcc\xbee\
\xce2\xa4\x5c\xb2\x1fT=\xe3)8\xd3\xb5Z\xdf\xba\
h\x14}\x8a+\x94\x8b\x1e\xdb.\x8aFp}\x05\x97\
\x16\x1co1\x8e\xe7\xa2\xa3#\xe3\xf1f}at\xe4\
\xa2\xa9Rb\xa3B,.\x8e\x8fNJHN\xbb\x1d\
60Y'=\xce\x9cW.\xc4.\x80\xa0A\x80\xea\
\xa8\xcf$\xef\x87<\x05d$\xe9)\x0d\x84\xe0v3\
\xe3\x9c\x18\xd0t2=\xc6\x07T\x86\x94T\xcd\x9c/\
\xc3\x02\xd0\x05Q\x18\x17\xe4 \xf4ih$\x81\xc1\xb9\
~\xa3\xfd\xf4\xde<1%\x1e\x13\xf9\xe0<}x\xe8\
\xe2\x82\xbc,\x90\x8dM\xb2\xf67y\xfc\x8e\x0d5\xf4\
\x9c(\x82\x12W\xce\x87\x1b\x05b-\x84\x9au\xf2Q\
\xa6\xd9\x0e\x8c\x09\xbd\x93\xf9\x01\xe3\xfcIP\x15\x8d\x1f\
\x1fS\xc3Pu{\xb1\xb55\x8b\x17\x17\xec?\x8b\xdf\
:U\xc7\xba\xab\x86\xe0\xca9\xdbZ\xd5w\xb8\xfe\xe8\
\x14s\x15\xc2\x9a[\x12je\xa7$\xb4\xee\xfe\x85\xe7\
_9\xe7\x83](\xd9\x95\xbdA\xeaA\xac\xa7\x1e\x5c\
\xbfvm\x8a\x12\x07/\x9a\x08A\xbd\x7fe\xe8\xf6\x16\
r\xe2\xa7\x81|\x03\xf4\xd6\xfdNK\x19\xd0\xa4\xa5\x94\
5\xb3I\x09\xf5\x94\x83\xfcpp\xc8z\xc9!\x92<\
\xf9\x87,.\xd9s\x0fHq\x99=\x92g\x1fnE\
\xd2r``\x0avK\x0e\x05\xcd\xdd{\xadz\xdd\xda\
zOC\x83\xab/H\xf1_\xeb\xf5[z\x9d\xb2\xde\
4\xbc!\xbdW\xaa\xaeE\x84\x0e\xf7\x83\xecs\xd3\x0a\
\xcd\xc0x\x7f\xc4xm\xcdA\xec\xb9q|\x0f~\x8f\
\x10\xc4#\x1f\x1fQ\x9e\xff\xdc\xe7\x87\xa2\xc4%Q\x1c\
j\xdf\xab\x93i\xa8\x03\x9a4\x87o\xfa\x90@\xf7\x0d\
x\xac\xbfY\xc8-\xf8D\x8e\xf0/\xc8\xc10\x14H\
\xc9\xef\x04\x9c\xe4&\xf8AO\x1a*\xfcN\xc2\x89\x92\
\xf0\xcb\xe4\xd7\x1e\xffC.'\x0f\xdd:S{d\xdf\
ze\xaf4\xc8\xfd\xcd\x81\x9e\xa9\xfcQ\x9e\xa9\x1f\x0a\
\xf3=\x7f#\xe0\xea*\x95|(\xdc;\xe45*J\
\xe7\x14Y\x18\xe05*\x1c\x96nGEf\xfd\xd1\xc0\
\xe5\x9aU\xadXKs\xd6\xfb9\x5c|z*P\x92\
\xf5\x05<_!\xbfW\xc8v\xe3T\x00\xb2\x9f-Y\
[\xb3\xe4\xe1\xbe\xf5\xe6\xf1\xa9\x00\x84o\xef[\xaf7\
\x8f\x01\x96\xff+\x1f\xc9G>\x01\x80w\x22\xae\
\x00\x00\x04~\
p\
ragma Singleton\x0a\
import QtQuick 2\
.15\x0a\x0aQtObject{\x0a \
   //\xe4\xb8\x89\xe4\xb8\xaa\xe5\x8c\xba\xe5\x9f\
\x9f\xe7\x9a\x84\xe9\xa2\x9c\xe8\x89\xb2\x0a    r\
eadonly property\
 color colorWind\
owLeftBg: \x22#1a1a\
21\x22\x0a    readonly\
 property color \
colorWindowRight\
Bg: \x22#13131a\x22\x0a  \
  readonly prope\
rty color colorP\
layerBarBg: \x22#2d\
2d37\x22\x0a    \x0a    r\
eadonly property\
 int leftPaneWid\
th: 225\x0a    read\
only property in\
t playerBarHeigh\
t: 80\x0a\x0a    //\xe9\xa1\xb6\
\xe9\x83\xa8\xe6\xa0\x8f\xe7\x9a\x84\xe9\xa2\x9c\xe8\x89\xb2\x0a\
    readonly pro\
perty color colo\
rTop: \x22#75777f\x22\x0a\
\x0a    //\xe6\x90\x9c\xe7\xb4\xa2\xe8\xae\xb0\
\xe5\xbd\x95\xe5\xad\x97\xe4\xbd\x93\xe9\xa2\x9c\xe8\x89\xb2\x0a\
    readonly pro\
perty color colo\
rSecondaryText: \
\x22#7f7f85\x22\x0a    \x0a \
   //\xe5\xb7\xb2\xe6\x92\xad\xe6\x94\xbe\xe6\xad\
\x8c\xe8\xaf\x8d\xe9\xa2\x9c\xe8\x89\xb2\x0a    p\
roperty color fi\
nishedLyricsUpCo\
lor: \x22#ee83b4\x22  \
        //\xe5\xb7\xb2\xe6\x92\xad\
\xe6\x94\xbe\xe6\xad\x8c\xe8\xaf\x8d\xe7\x9a\x84\xe4\xb8\x8a\xe6\
\xb8\x90\xe5\x8f\x98\xe9\xa2\x9c\xe8\x89\xb2\x0a    \
property color f\
inishedLyricsDow\
nColor: \x22#f3b3b1\
\x22        //\xe5\xb7\xb2\xe6\x92\
\xad\xe6\x94\xbe\xe6\xad\x8c\xe8\xaf\x8d\xe7\x9a\x84\xe4\xb8\x8b\
\xe6\xb8\x90\xe5\x8f\x98\xe9\xa2\x9c\xe8\x89\xb2\x0a   \
 property color \
finishedLyricsBo\
rderColor: \x22#fff\
ff9\x22      //\xe5\xb7\xb2\xe6\
\x92\xad\xe6\x94\xbe\xe6\xad\x8c\xe8\xaf\x8d\xe7\x9a\x84\xe8\xbe\
\xb9\xe6\xa1\x86\xe9\xa2\x9c\xe8\x89\xb2\x0a    \x0a\
    //\xe6\x9c\xaa\xe6\x92\xad\xe6\x94\xbe\xe6\
\xad\x8c\xe8\xaf\x8d\xe9\xa2\x9c\xe8\x89\xb2\x0a    \
property color u\
nFinishedLyricsU\
pColor: \x22white\x22 \
         //\xe6\x9c\xaa\xe6\x92\
\xad\xe6\x94\xbe\xe6\xad\x8c\xe8\xaf\x8d\xe7\x9a\x84\xe4\xb8\x8a\
\xe6\xb8\x90\xe5\x8f\x98\xe9\xa2\x9c\xe8\x89\xb2\x0a   \
 property color \
unFinishedLyrics\
DownColor: \x22#ddd\
ddd\x22      //\xe6\x9c\xaa\xe6\
\x92\xad\xe6\x94\xbe\xe6\xad\x8c\xe8\xaf\x8d\xe7\x9a\x84\xe4\xb8\
\x8b\xe6\xb8\x90\xe5\x8f\x98\xe9\xa2\x9c\xe8\x89\xb2\x0a  \
  property color\
 unFinishedLyric\
sBorderColor: \x22w\
hite\x22      //\xe6\x9c\xaa\
\xe6\x92\xad\xe6\x94\xbe\xe6\xad\x8c\xe8\xaf\x8d\xe7\x9a\x84\xe8\
\xbe\xb9\xe6\xa1\x86\xe9\xa2\x9c\xe8\x89\xb2\x0a}\
\x00\x00\x00L\
i\
mport QtQuick 2.\
15\x0a\x0aRectangle{\x0a \
   id:bottomRect\
\x0a    color: pare\
nt.color\x0a}\x0a\
\x00\x00\x03m\
i\
mport QtQuick 2.\
15\x0a\x0aWindow {\x0a   \
 id: mainWindow\x0a\
    width: 1000\x0a\
    height: 640\x0a\
    visible: tru\
e\x0a    title: qsT\
r(\x22Hello World\x22)\
\x0a\x0a    // \xe7\xaa\x97\xe5\x8f\xa3\xe5\
\xb1\x85\xe4\xb8\xad\xe6\x98\xbe\xe7\xa4\xba\x0a    \
x: (Screen.width\
 - width) / 2\x0a  \
  y: (Screen.hei\
ght - height) / \
2\x0a\x0a    // \xe4\xbd\xbf\xe7\x94\xa8\
 Item \xe4\xbd\x9c\xe4\xb8\xba\xe5\xae\xb9\xe5\
\x99\xa8\xe6\x9d\xa5\xe6\x94\xaf\xe6\x8c\x81\xe6\x8b\x96\xe6\x8b\
\xbd\x0a    Item {\x0a   \
     id: rootIte\
m\x0a        anchor\
s.fill: parent\x0a\x0a\
        // \xe7\x94\xa8\xe4\xba\
\x8e\xe6\x8b\x96\xe6\x8b\xbd\xe7\xaa\x97\xe5\x8f\xa3\xe7\x9a\x84\
 MouseArea\x0a     \
   MouseArea {\x0a \
           ancho\
rs.fill: parent\x0a\
            onPr\
essed:function(m\
ouse) {\x0a        \
        // \xe8\xae\xb0\xe5\xbd\
\x95\xe9\xbc\xa0\xe6\xa0\x87\xe6\x8c\x89\xe4\xb8\x8b\xe6\x97\xb6\
\xe7\x9a\x84\xe4\xbd\x8d\xe7\xbd\xae\x0a      \
          dragOf\
fset = Qt.point(\
mouse.x, mouse.y\
)\x0a            }\x0a\
            onPo\
sitionChanged:fu\
nction(mouse) {\x0a\
                \
// \xe6\xa0\xb9\xe6\x8d\xae\xe9\xbc\xa0\xe6\xa0\x87\xe7\
\xa7\xbb\xe5\x8a\xa8\xe6\x9b\xb4\xe6\x96\xb0\xe7\xaa\x97\xe5\x8f\
\xa3\xe4\xbd\x8d\xe7\xbd\xae\x0a        \
        mainWind\
ow.x += mouse.x \
- dragOffset.x\x0a \
               m\
ainWindow.y += m\
ouse.y - dragOff\
set.y\x0a          \
  }\x0a\x0a           \
 property var dr\
agOffset\x0a       \
 }\x0a\x0a    }\x0a}\x0a\
\x00\x00\x0b\xea\
i\
mport QtQuick 2.\
15\x0aimport QtQuic\
k.Controls\x0aimpor\
t QtQuick.Contro\
ls.Basic as Basi\
c\x0a\x0a// \xe8\x87\xaa\xe5\xae\x9a\xe4\xb9\x89\xe5\
\xbf\xab\xe6\x8d\xb7\xe9\x94\xae\xe7\xbb\x84\xe4\xbb\xb6\x0aI\
tem {\x0a    id: ro\
ot\x0a    \x0a    // \xe5\
\xb1\x9e\xe6\x80\xa7\x0a    proper\
ty string shortc\
ut: \x22\x22\x0a    prope\
rty string place\
holderText: \x22\xe2\x8c\x98\
 + G\x22\x0a    proper\
ty int fontSize:\
 13\x0a    property\
 color textColor\
: \x22#ffffff\x22\x0a    \
property color p\
laceholderColor:\
 \x22#6f939e\x22\x0a    p\
roperty color ba\
ckgroundColor: \x22\
#25262c\x22\x0a    pro\
perty color bord\
erColor: \x22#3a3e4\
c\x22\x0a    \x0a    widt\
h: 100\x0a    heigh\
t:30\x0a    \x0a    //\
 \xe5\xbd\x93 shortcut \xe5\xb1\
\x9e\xe6\x80\xa7\xe6\x94\xb9\xe5\x8f\x98\xe6\x97\xb6\xef\xbc\x8c\
\xe5\x90\x8c\xe6\xad\xa5\xe5\x88\xb0\xe8\xbe\x93\xe5\x85\xa5\xe6\
\xa1\x86\x0a    onShortcu\
tChanged: {\x0a    \
    if (shortcut\
Input) {\x0a       \
     shortcutInp\
ut.text = shortc\
ut\x0a        }\x0a   \
 }\x0a    \x0a    // \xe5\
\xbf\xab\xe6\x8d\xb7\xe9\x94\xae\xe8\xbe\x93\xe5\x85\xa5\xe6\xa1\
\x86\x0a    Rectangle \
{\x0a        id: sh\
ortcutField\x0a    \
    width: paren\
t.width\x0a        \
height: parent.h\
eight\x0a        ra\
dius: height / 2\
\x0a        color: \
root.backgroundC\
olor\x0a        bor\
der.width: 1\x0a   \
     border.colo\
r: root.borderCo\
lor\x0a        \x0a   \
     Basic.TextF\
ield {\x0a         \
   id: shortcutI\
nput\x0a           \
 anchors.fill: p\
arent\x0a          \
  anchors.leftMa\
rgin: 14\x0a       \
     anchors.rig\
htMargin: 14\x0a   \
         placeho\
lderText: root.p\
laceholderText\x0a \
           place\
holderTextColor:\
 root.placeholde\
rColor\x0a         \
   color: root.t\
extColor\x0a       \
     font.pixelS\
ize: root.fontSi\
ze\x0a            r\
eadOnly: false\x0a \
           curso\
rVisible: shortc\
utInput.activeFo\
cus\x0a            \
verticalAlignmen\
t: TextInput.Ali\
gnVCenter\x0a      \
      background\
: Item {}\x0a      \
      selectByMo\
use: false\x0a     \
       \x0a        \
    Keys.onPress\
ed: function(eve\
nt) {\x0a          \
      handleKeyP\
ressed(event)\x0a  \
          }\x0a    \
        \x0a       \
     onActiveFoc\
usChanged: {\x0a   \
             if \
(activeFocus && \
shortcutInput.te\
xt === \x22\x22) {\x0a   \
                \
 root.shortcut =\
 \x22\x22\x0a            \
    }\x0a          \
  }\x0a        }\x0a  \
      \x0a        M\
ouseArea {\x0a     \
       anchors.f\
ill: parent\x0a    \
        onClicke\
d: {\x0a           \
     shortcutInp\
ut.forceActiveFo\
cus()\x0a          \
  }\x0a        }\x0a  \
  }\x0a    \x0a    fun\
ction handleKeyP\
ressed(event) {\x0a\
        if (!sho\
rtcutInput.focus\
) return\x0a       \
 \x0a        event.\
accepted = true\x0a\
        \x0a       \
 // \xe5\x8f\xaa\xe6\x8e\xa5\xe6\x94\xb6\xe7\xbb\x84\
\xe5\x90\x88\xe9\x94\xae\x0a        i\
f (event.modifie\
rs === 0) {\x0a    \
        return\x0a \
       }\x0a       \
 \x0a        var ke\
y = event.key\x0a  \
      \x0a        /\
/ \xe7\xae\x80\xe5\x8d\x95\xe5\xa4\x84\xe7\x90\x86\xef\xbc\
\x9a\xe5\x8f\xaa\xe6\x8e\xa5\xe5\x8f\x97\xe6\xa0\x87\xe5\x87\x86\
\xe5\xad\x97\xe6\xaf\x8d\xe9\x94\xae\xe7\xa0\x81\x0a   \
     if (key < 6\
5 || key > 90) {\
\x0a            ret\
urn\x0a        }\x0a  \
      \x0a        v\
ar str = \x22\x22\x0a    \
    \x0a        if \
(event.modifiers\
 & Qt.MetaModifi\
er) {\x0a          \
  str += \x22\xe2\x8c\x83 + \
\x22\x0a        }\x0a    \
    if (event.mo\
difiers & Qt.Con\
trolModifier) {\x0a\
            str \
+= \x22\xe2\x8c\x98 + \x22\x0a    \
    }\x0a        if\
 (event.modifier\
s & Qt.AltModifi\
er) {\x0a          \
  str += \x22\xe2\x8c\xa5 + \
\x22\x0a        }\x0a    \
    \x0a        str\
 += String.fromC\
harCode(key)\x0a   \
     \x0a        ro\
ot.shortcut = st\
r\x0a        shortc\
utInput.text = s\
tr\x0a    }\x0a    \x0a  \
  function setSh\
ortcut(newShortc\
ut) {\x0a        ro\
ot.shortcut = ne\
wShortcut\x0a      \
  shortcutInput.\
text = newShortc\
ut\x0a    }\x0a    \x0a  \
  function clear\
Shortcut() {\x0a   \
     root.shortc\
ut = \x22\x22\x0a        \
shortcutInput.te\
xt = \x22\x22\x0a    }\x0a  \
  \x0a    function \
loseFocus() {\x0a  \
      shortcutIn\
put.focus = fals\
e\x0a    }\x0a}\
\x00\x00\x07\x98\
i\
mport QtQuick 2.\
15\x0aimport QtQuic\
k.Controls 2.15\x0a\
import QtQuick.D\
ialogs\x0a\x0aItem {\x0a \
   id: root\x0a    \
width: parent.wi\
dth\x0a    height: \
40\x0a    \x0a    prop\
erty string titl\
e: \x22\xe7\x9b\xae\xe5\xbd\x95\x22\x0a    \
property string \
currentPath: \x22C:\
\x5c\x5cCloudMusic\x22\x0a  \
  property strin\
g dialogTitle: \x22\
\xe9\x80\x89\xe6\x8b\xa9\xe7\x9b\xae\xe5\xbd\x95\x22\x0a  \
  \x0a    signal pa\
thChanged(string\
 newPath)\x0a    \x0a \
   // \xe7\x9b\xae\xe5\xbd\x95\xe9\x80\x89\xe6\
\x8b\xa9\xe5\xaf\xb9\xe8\xaf\x9d\xe6\xa1\x86\x0a    \
FolderDialog {\x0a \
       id: folde\
rDialog\x0a        \
title: root.dial\
ogTitle\x0a        \
onAccepted: {\x0a  \
          let s \
= String(folderD\
ialog.currentFol\
der)\x0a           \
 let str = s.sli\
ce(8)\x0a          \
  root.currentPa\
th = str\x0a       \
     root.pathCh\
anged(str)\x0a     \
   }\x0a    }\x0a    \x0a\
    Column {\x0a   \
     spacing: 8\x0a\
        anchors.\
fill: parent\x0a   \
     \x0a        Te\
xt {\x0a           \
 text: root.titl\
e\x0a            co\
lor: \x22white\x22\x0a   \
         font.pi\
xelSize: 13\x0a    \
    }\x0a        \x0a \
       Row {\x0a   \
         spacing\
: 10\x0a           \
 \x0a            La\
bel {\x0a          \
      id: pathLa\
bel\x0a            \
    text: root.c\
urrentPath\x0a     \
           color\
: \x22#f2f4f8\x22\x0a    \
            font\
.pixelSize: 13\x0a \
               e\
lide: Text.Elide\
Middle\x0a         \
       maximumLi\
neCount: 1\x0a     \
           width\
: 200\x0a          \
  }\x0a            \
\x0a            // \
\xe6\x9b\xb4\xe6\x94\xb9\xe7\x9b\xae\xe5\xbd\x95\xe6\x8c\x89\xe9\
\x92\xae\x0a            R\
ectangle {\x0a     \
           width\
: 70\x0a           \
     height: 22\x0a\
                \
radius: 3\x0a      \
          color:\
 \x22#3a3e4c\x22\x0a     \
           borde\
r.width: 1\x0a     \
           borde\
r.color: \x22#4a4e5\
c\x22\x0a             \
   \x0a            \
    Text {\x0a     \
               a\
nchors.centerIn:\
 parent\x0a        \
            text\
: \x22\xe6\x9b\xb4\xe6\x94\xb9\xe7\x9b\xae\xe5\xbd\x95\x22\
\x0a               \
     color: \x22#f2\
f4f8\x22\x0a          \
          font.p\
ixelSize: 12\x0a   \
             }\x0a \
               \x0a\
                \
MouseArea {\x0a    \
                \
anchors.fill: pa\
rent\x0a           \
         hoverEn\
abled: true\x0a    \
                \
cursorShape: Qt.\
PointingHandCurs\
or\x0a             \
       onClicked\
: {\x0a            \
            fold\
erDialog.open()\x0a\
                \
    }\x0a          \
      }\x0a        \
    }\x0a        }\x0a\
    }\x0a}\
\x00\x00\x09\x9a\
i\
mport QtQuick 2.\
15\x0aimport QtQuic\
k.Controls 2.15\x0a\
import QtQuick.C\
ontrols.Basic as\
 Basic\x0a\x0aBasic.Co\
mboBox {\x0a    id:\
 comboBox\x0a    wi\
dth: 100\x0a    hei\
ght: 28\x0a    mode\
l: [\x22\xe9\xbb\x98\xe8\xae\xa4\x22, \x22\xe4\
\xbb\xbf\xe5\xae\x8b\x22, \x22\xe5\x8d\x8e\xe6\x96\x87\xe4\
\xb8\xad\xe5\xae\x8b\x22, \x22\xe5\x8d\x8e\xe6\x96\x87\xe4\
\xbb\xbf\xe5\xae\x8b\x22, \x22\xe5\x8d\x8e\xe6\x96\x87\xe5\
\xae\x8b\xe4\xbd\x93\x22, \x22\xe5\x8d\x8e\xe6\x96\x87\xe6\
\x96\xb0\xe9\xad\x8f\x22, \x22\xe5\x8d\x8e\xe6\x96\x87\xe6\
\xa5\xb7\xe4\xbd\x93\x22, \x22\xe5\x8d\x8e\xe6\x96\x87\xe7\
\xbb\x86\xe9\xbb\x91\x22, \x22\xe5\x8d\x8e\xe6\x96\x87\xe8\
\xa1\x8c\xe4\xb9\xa6\x22, \x22\xe5\x8d\x8e\xe6\x96\x87\xe9\
\x9a\xb6\xe4\xb9\xa6\x22, \x22\xe5\xae\x8b\xe4\xbd\x93\x22\
, \x22\xe5\xb9\xbc\xe5\x9c\x86\x22, \x22\xe5\xbe\xae\
\xe8\xbd\xaf\xe9\x9b\x85\xe9\xbb\x91\x22, \x22\xe5\xbe\xae\
\xe8\xbd\xaf\xe9\x9b\x85\xe9\xbb\x91\x22, \x22\xe6\x96\xb0\
\xe5\xae\x8b\xe4\xbd\x93\x22, \x22\xe6\x96\xb9\xe6\xad\xa3\
\xe5\xa7\x9a\xe4\xbd\x93\x22, \x22\xe6\x96\xb9\xe6\xad\xa3\
\xe8\x88\x92\xe4\xbd\x93\x22]\x0a    cur\
rentIndex: 0\x0a\x0a  \
  background: Re\
ctangle {\x0a      \
  color: \x22#25262\
c\x22\x0a        radiu\
s: 6\x0a        bor\
der.width: 1\x0a   \
     border.colo\
r: \x22#3f4350\x22\x0a   \
 }\x0a\x0a    contentI\
tem: Text {\x0a    \
    text: comboB\
ox.displayText\x0a \
       color: \x22#\
f2f4f8\x22\x0a        \
font.pixelSize: \
13\x0a        ancho\
rs.fill: parent\x0a\
        anchors.\
leftMargin: 12\x0a \
       anchors.r\
ightMargin: 30  \
// \xe4\xb8\xba\xe7\xae\xad\xe5\xa4\xb4\xe7\x95\x99\xe5\
\x87\xba\xe7\xa9\xba\xe9\x97\xb4\x0a       \
 verticalAlignme\
nt: Text.AlignVC\
enter\x0a        ho\
rizontalAlignmen\
t: Text.AlignLef\
t\x0a    }\x0a\x0a    del\
egate: Item {\x0a  \
      width: com\
boBox.width\x0a    \
    height: 24\x0a\x0a\
        Rectangl\
e {\x0a            \
id: hoverBg\x0a    \
        anchors.\
fill: parent\x0a   \
         color: \
\x22#3f4350\x22\x0a      \
      visible: f\
alse\x0a        }\x0a\x0a\
        Text {\x0a \
           text:\
 modelData\x0a     \
       color: \x22#\
f2f4f8\x22\x0a        \
    font.pixelSi\
ze: 13\x0a         \
   anchors.left:\
 parent.left\x0a   \
         anchors\
.leftMargin: 8\x0a \
           ancho\
rs.verticalCente\
r: parent.vertic\
alCenter\x0a       \
 }\x0a\x0a        Mous\
eArea {\x0a        \
    anchors.fill\
: parent\x0a       \
     hoverEnable\
d: true\x0a        \
    onEntered: h\
overBg.visible =\
 true\x0a          \
  onExited: hove\
rBg.visible = fa\
lse\x0a            \
onClicked: {\x0a   \
             com\
boBox.currentInd\
ex = index\x0a     \
           combo\
Box.popup.close(\
)\x0a            }\x0a\
        }\x0a    }\x0a\
\x0a    popup: Popu\
p {\x0a        y: c\
omboBox.height\x0a \
       width: co\
mboBox.width\x0a   \
     height: Mat\
h.min(200, Math.\
max(comboBox.cou\
nt * 24 + 4, 48)\
)\x0a        paddin\
g: 0\x0a        bac\
kground: Rectang\
le {\x0a           \
 color: \x22#25262c\
\x22\x0a            ra\
dius: 6\x0a        \
    border.width\
: 1\x0a            \
border.color: \x22#\
3f4350\x22\x0a        \
}\x0a        conten\
tItem: ListView \
{\x0a            cl\
ip: true\x0a       \
     model: comb\
oBox.popup.visib\
le ? comboBox.de\
legateModel : nu\
ll\x0a            c\
urrentIndex: com\
boBox.highlighte\
dIndex\x0a        }\
\x0a    }\x0a\x0a    indi\
cator: Text {\x0a  \
      text: \x22>\x22\x0a\
        color: \x22\
#8f939e\x22\x0a       \
 font.pixelSize:\
 16\x0a        anch\
ors.right: paren\
t.right\x0a        \
anchors.rightMar\
gin: 12\x0a        \
anchors.vertical\
Center: parent.v\
erticalCenter\x0a  \
      rotation: \
comboBox.popup.v\
isible ? -90 : 9\
0\x0a    }\x0a}\
\x00\x00\x05\xef\
i\
mport QtQuick 2.\
15\x0a\x0aItem {\x0a    i\
d: root\x0a    prop\
erty alias text:\
 label.text\x0a    \
property color t\
extColor: \x22white\
\x22\x0a    property i\
nt fontSize: 13\x0a\
    property boo\
l checked: false\
\x0a    signal togg\
led(bool checked\
)\x0a\x0a    width: ch\
eckbox.width + 1\
0 + label.implic\
itWidth\x0a    heig\
ht: Math.max(che\
ckbox.height, 20\
)  // \xe5\x9b\xba\xe5\xae\x9a\xe6\x9c\x80\xe5\
\xb0\x8f\xe9\xab\x98\xe5\xba\xa6\xe4\xb8\xba20\x0a\x0a \
   Rectangle {\x0a \
       id: check\
box\x0a        widt\
h: 16\x0a        he\
ight: 16\x0a       \
 radius: 3\x0a     \
   anchors.left:\
 parent.left\x0a   \
     anchors.top\
: parent.top\x0a   \
     anchors.top\
Margin: (parent.\
height - height)\
 / 2\x0a        col\
or: root.checked\
 ? \x22#ff666a\x22 : \x22\
transparent\x22\x0a   \
     border.widt\
h: 1\x0a        bor\
der.color: root.\
checked ? \x22#ff66\
6a\x22 : \x22#3f4350\x22\x0a\
\x0a        Text {\x0a\
            anch\
ors.centerIn: pa\
rent\x0a           \
 visible: root.c\
hecked\x0a         \
   text: \x22\xe2\x9c\x93\x22\x0a \
           color\
: \x22#ffffff\x22\x0a    \
        font.pix\
elSize: 11\x0a     \
       font.weig\
ht: Font.Bold\x0a  \
      }\x0a    }\x0a\x0a \
   Text {\x0a      \
  id: label\x0a    \
    anchors.left\
: checkbox.right\
\x0a        anchors\
.leftMargin: 9\x0a \
       anchors.t\
op: parent.top\x0a \
       anchors.t\
opMargin: (paren\
t.height - impli\
citHeight) / 2\x0a \
       font.pixe\
lSize: 13\x0a      \
  textFormat: Te\
xt.RichText\x0a    \
    \x0a        // \
\xe8\xae\xbe\xe7\xbd\xae\xe9\xbb\x98\xe8\xae\xa4\xe9\xa2\x9c\xe8\
\x89\xb2\xef\xbc\x8c\xe5\xaf\x8c\xe6\x96\x87\xe6\x9c\xac\xe4\xb8\
\xad\xe7\x9a\x84\xe6\xa0\xb7\xe5\xbc\x8f\xe4\xbc\x9a\xe8\xa6\x86\
\xe7\x9b\x96\xe8\xbf\x99\xe4\xb8\xaa\xe9\xa2\x9c\xe8\x89\xb2\x0a\
        color: r\
oot.textColor\x0a  \
  }\x0a\x0a    MouseAr\
ea {\x0a        anc\
hors.fill: paren\
t\x0a        hoverE\
nabled: true\x0a   \
     cursorShape\
: Qt.PointingHan\
dCursor\x0a        \
onClicked: {\x0a   \
         root.ch\
ecked = !root.ch\
ecked\x0a          \
  root.toggled(r\
oot.checked)\x0a   \
     }\x0a    }\x0a}\
\x00\x00\x01\x22\
i\
mport QtQuick 2.\
15\x0a\x0a//\xe5\x9c\xa8\xe5\xae\x9e\xe4\xbe\x8b\xe5\
\x8c\x96\xe7\x9a\x84\xe5\x88\x86\xe5\x89\xb2\xe7\xba\xbf\xe4\xb8\
\xad\xe8\xaf\xb4\xe6\x98\x8e\xe5\x9c\xa8\xe8\xb0\x81\xe7\x9a\x84\
\xe4\xb8\x8b\xe6\x96\xb9\xe5\x8d\xb3\xe5\x8f\xaf\x0aRec\
tangle {\x0a    id:\
 cutline\x0a    anc\
hors.top: parent\
.bottom\x0a    anch\
ors.topMargin: 1\
0\x0a    height: 1\x0a\
    anchors.righ\
t: parent.right\x0a\
    anchors.righ\
tMargin: 24\x0a    \
anchors.left: pa\
rent.left\x0a    co\
lor: \x22#212127\x22\x0a}\
\x0a\
\x00\x00\x0cl\
i\
mport QtQuick 2.\
15\x0a\x0aItem {\x0a    i\
d: root\x0a    \x0a   \
 // \xe5\xb1\x9e\xe6\x80\xa7\x0a    p\
roperty string t\
ext: \x22\x22\x0a    prop\
erty color textC\
olor: \x22#ffffff\x22\x0a\
    property int\
 fontSize: 13\x0a  \
  property bool \
checked: false\x0a \
   property stri\
ng group: \x22\x22\x0a   \
 \x0a    // \xe4\xbf\xa1\xe5\x8f\xb7\x0a\
    signal click\
ed()\x0a    \x0a    wi\
dth: radioButton\
.width + 5 + lab\
el.implicitWidth\
\x0a    height: Mat\
h.max(radioButto\
n.height, label.\
implicitHeight)\x0a\
    \x0a    // \xe5\x8d\x95\xe9\
\x80\x89\xe6\xa1\x86\xe6\x8c\x89\xe9\x92\xae\x0a    \
Rectangle {\x0a    \
    id: radioBut\
ton\x0a        widt\
h: 16\x0a        he\
ight: 16\x0a       \
 radius: 8\x0a     \
   border.color:\
 root.checked ? \
\x22#ff666a\x22 : \x22#3f\
4350\x22\x0a        bo\
rder.width: 1\x0a  \
      color: \x22tr\
ansparent\x22\x0a     \
   anchors.left:\
 parent.left\x0a   \
     anchors.top\
: parent.top\x0a   \
     anchors.top\
Margin: (parent.\
height - height)\
 / 2\x0a        \x0a  \
      // \xe5\x86\x85\xe5\x9c\x86\x0a\
        Rectangl\
e {\x0a            \
width: 8\x0a       \
     height: 8\x0a \
           radiu\
s: 4\x0a           \
 color: root.che\
cked ? \x22#ff666a\x22\
 : \x22transparent\x22\
\x0a            anc\
hors.centerIn: p\
arent\x0a        }\x0a\
        \x0a       \
 // \xe7\x82\xb9\xe5\x87\xbb\xe5\x8c\xba\xe5\x9f\x9f\
\x0a        MouseAr\
ea {\x0a           \
 anchors.fill: p\
arent\x0a          \
  onClicked: {\x0a \
               i\
f (!root.checked\
) {\x0a            \
        root.che\
cked = true\x0a    \
                \
root.clicked()\x0a \
               }\
\x0a            }\x0a \
       }\x0a    }\x0a \
   \x0a    // \xe6\x96\x87\xe5\xad\
\x97\xe6\xa0\x87\xe7\xad\xbe\x0a    Text\
 {\x0a        id: l\
abel\x0a        tex\
t: root.text\x0a   \
     color: root\
.textColor\x0a     \
   font.pixelSiz\
e: root.fontSize\
\x0a        textFor\
mat: Text.RichTe\
xt\x0a        ancho\
rs.left: radioBu\
tton.right\x0a     \
   anchors.leftM\
argin: 5\x0a       \
 anchors.top: pa\
rent.top\x0a       \
 anchors.topMarg\
in: (parent.heig\
ht - implicitHei\
ght) / 2\x0a       \
 \x0a        // \xe7\x82\xb9\
\xe5\x87\xbb\xe5\x8c\xba\xe5\x9f\x9f\x0a      \
  MouseArea {\x0a  \
          anchor\
s.fill: parent\x0a \
           onCli\
cked: {\x0a        \
        if (!roo\
t.checked) {\x0a   \
                \
 root.checked = \
true\x0a           \
         root.cl\
icked()\x0a        \
        }\x0a      \
      }\x0a        \
}\x0a    }\x0a    \x0a   \
 // \xe9\x80\x92\xe5\xbd\x92\xe6\x9f\xa5\xe6\x89\xbe\
\xe5\x90\x8c\xe4\xb8\x80\xe7\xbb\x84\xe7\x9a\x84\xe6\x89\x80\xe6\
\x9c\x89\xe5\x8d\x95\xe9\x80\x89\xe6\xa1\x86\x0a    \
function findRad\
ioButtonsInGroup\
(item, groupName\
) {\x0a        var \
result = []\x0a    \
    if (item && \
item.children) {\
\x0a            for\
 (var i = 0; i <\
 item.children.l\
ength; i++) {\x0a  \
              va\
r child = item.c\
hildren[i]\x0a     \
           // \xe6\xa3\
\x80\xe6\x9f\xa5\xe6\x98\xaf\xe5\x90\xa6\xe6\x98\xafZYY\
RadioButton\xe4\xb8\x94\xe5\xb1\
\x9e\xe4\xba\x8e\xe5\x90\x8c\xe4\xb8\x80\xe7\xbb\x84\x0a  \
              if\
 (child !== root\
 && child.group \
=== groupName) {\
\x0a               \
     result.push\
(child)\x0a        \
        }\x0a      \
          // \xe9\x80\x92\
\xe5\xbd\x92\xe6\x9f\xa5\xe6\x89\xbe\xe5\xad\x90\xe8\x8a\x82\xe7\
\x82\xb9\x0a             \
   result = resu\
lt.concat(findRa\
dioButtonsInGrou\
p(child, groupNa\
me))\x0a           \
 }\x0a        }\x0a   \
     return resu\
lt\x0a    }\x0a    \x0a  \
  // \xe5\xbd\x93checked\xe7\
\x8a\xb6\xe6\x80\x81\xe6\x94\xb9\xe5\x8f\x98\xe6\x97\xb6\xef\xbc\
\x8c\xe9\x80\x9a\xe7\x9f\xa5\xe5\x90\x8c\xe4\xb8\x80\xe7\xbb\x84\
\xe7\x9a\x84\xe5\x85\xb6\xe4\xbb\x96\xe5\x8d\x95\xe9\x80\x89\xe6\
\xa1\x86\x0a    onChecked\
Changed: {\x0a     \
   if (checked &\
& group !== \x22\x22) \
{\x0a            //\
 \xe4\xbb\x8e\xe6\xa0\xb9\xe8\x8a\x82\xe7\x82\xb9\xe5\xbc\x80\
\xe5\xa7\x8b\xe6\x9f\xa5\xe6\x89\xbe\xe5\x90\x8c\xe4\xb8\x80\xe7\
\xbb\x84\xe7\x9a\x84\xe6\x89\x80\xe6\x9c\x89\xe5\x8d\x95\xe9\x80\
\x89\xe6\xa1\x86\x0a           \
 var rootItem = \
root\x0a           \
 while (rootItem\
.parent) {\x0a     \
           rootI\
tem = rootItem.p\
arent\x0a          \
  }\x0a            \
// \xe6\x9f\xa5\xe6\x89\xbe\xe5\x90\x8c\xe4\xb8\x80\xe7\
\xbb\x84\xe7\x9a\x84\xe6\x89\x80\xe6\x9c\x89\xe5\x8d\x95\xe9\x80\
\x89\xe6\xa1\x86\x0a           \
 var radioButton\
s = findRadioBut\
tonsInGroup(root\
Item, group)\x0a   \
         for (va\
r i = 0; i < rad\
ioButtons.length\
; i++) {\x0a       \
         var rb \
= radioButtons[i\
]\x0a              \
  if (rb !== roo\
t && rb.checked)\
 {\x0a             \
       rb.checke\
d = false\x0a      \
          }\x0a    \
        }\x0a      \
  }\x0a    }\x0a}\
"

qt_resource_name = b"\
\x00\x03\
\x00\x00Z\x83\
\x00S\
\x00r\x00c\
\x00\x06\
\x07\x84+\x02\
\x00q\
\x00m\x00l\x00d\x00i\x00r\
\x00\x08\
\x08\x01Z\x5c\
\x00m\
\x00a\x00i\x00n\x00.\x00q\x00m\x00l\
\x00\x08\
\x06Dn\xd9\
\x00c\
\x00o\x00m\x00m\x00o\x00n\x00U\x00I\
\x00\x0a\
\x0boJ\xb5\
\x00b\
\x00o\x00t\x00t\x00o\x00m\x00P\x00a\x00g\x00e\
\x00\x05\
\x00h\x89\xf3\
\x00b\
\x00a\x00s\x00i\x00c\
\x00\x09\
\x0d\xf9\x965\
\x00r\
\x00i\x00g\x00h\x00t\x00P\x00a\x00g\x00e\
\x00\x08\
\x06[\x04E\
\x00t\
\x00o\x00p\x00T\x00i\x00t\x00l\x00e\
\x00\x08\
\x0b\xd9i\x95\
\x00l\
\x00e\x00f\x00t\x00P\x00a\x00g\x00e\
\x00\x0c\
\x0d\x83\xe6\xfc\
\x00L\
\x00e\x00f\x00t\x00P\x00a\x00g\x00e\x00.\x00q\x00m\x00l\
\x00\x13\
\x06\xc8(\x9c\
\x00O\
\x00t\x00h\x00e\x00r\x00L\x00o\x00g\x00i\x00n\x00P\x00o\x00p\x00u\x00p\x00.\x00q\
\x00m\x00l\
\x00\x0a\
\x04\x0b)\x9c\
\x00M\
\x00a\x00x\x00M\x00i\x00n\x00.\x00q\x00m\x00l\
\x00\x12\
\x0b\x5c&\x1c\
\x00U\
\x00s\x00e\x00r\x00L\x00o\x00g\x00i\x00n\x00P\x00o\x00p\x00u\x00p\x00.\x00q\x00m\
\x00l\
\x00\x0a\
\x08\x90c<\
\x00S\
\x00e\x00a\x00r\x00c\x00h\x00.\x00q\x00m\x00l\
\x00\x0d\
\x04\xf9\xb3\xfc\
\x00U\
\x00s\x00e\x00r\x00L\x00o\x00g\x00i\x00n\x00.\x00q\x00m\x00l\
\x00\x14\
\x0ao\xbe\xdc\
\x00C\
\x00o\x00l\x00o\x00r\x00S\x00e\x00l\x00e\x00c\x00t\x00P\x00o\x00p\x00u\x00p\x00.\
\x00q\x00m\x00l\
\x00\x0d\
\x06/\xa7\x9c\
\x00R\
\x00i\x00g\x00h\x00t\x00P\x00a\x00g\x00e\x00.\x00q\x00m\x00l\
\x00\x09\
\x07\xa0\x92\x95\
\x00s\
\x00t\x00a\x00c\x00k\x00P\x00a\x00g\x00e\
\x00\x0c\
\x00L\xe2<\
\x00T\
\x00o\x00p\x00T\x00i\x00t\x00l\x00e\x00.\x00q\x00m\x00l\
\x00\x1b\
\x0a|5\xbc\
\x00S\
\x00o\x00u\x00n\x00d\x00Q\x00u\x00a\x00l\x00i\x00t\x00y\x00A\x00n\x00d\x00D\x00o\
\x00w\x00n\x00l\x00o\x00a\x00d\x00.\x00q\x00m\x00l\
\x00\x15\
\x04\xda\x8d\xfc\
\x00M\
\x00e\x00s\x00s\x00a\x00g\x00e\x00A\x00n\x00d\x00P\x00r\x00i\x00v\x00a\x00c\x00y\
\x00.\x00q\x00m\x00l\
\x00\x08\
\x06__\x5c\
\x00T\
\x00o\x00o\x00l\x00.\x00q\x00m\x00l\
\x00\x08\
\x02\x8c^\xdc\
\x00P\
\x00l\x00a\x00y\x00.\x00q\x00m\x00l\
\x00\x0a\
\x04h\x1c\xbc\
\x00C\
\x00o\x00m\x00m\x00o\x00n\x00.\x00q\x00m\x00l\
\x00\x18\
\x045\xea|\
\x00C\
\x00l\x00o\x00u\x00d\x00M\x00u\x00s\x00i\x00c\x00C\x00h\x00e\x00r\x00r\x00y\x00P\
\x00i\x00c\x00k\x00.\x00q\x00m\x00l\
\x00\x12\
\x0dK*\xdc\
\x00C\
\x00u\x00s\x00t\x00o\x00m\x00S\x00h\x00o\x00r\x00t\x00c\x00u\x00t\x00.\x00q\x00m\
\x00l\
\x00\x0b\
\x0c\xd8d\xfc\
\x00A\
\x00c\x00c\x00o\x00u\x00n\x00t\x00.\x00q\x00m\x00l\
\x00\x0b\
\x00\xfd\xc3\x5c\
\x00S\
\x00e\x00t\x00t\x00i\x00n\x00g\x00.\x00q\x00m\x00l\
\x00\x0a\
\x0a\xb79|\
\x00S\
\x00y\x00s\x00t\x00e\x00m\x00.\x00q\x00m\x00l\
\x00\x11\
\x08H\x01\x9c\
\x00D\
\x00e\x00s\x00k\x00t\x00o\x00p\x00L\x00y\x00r\x00i\x00c\x00s\x00.\x00q\x00m\x00l\
\
\x00\x09\
\x06\xc7\xdb\x1c\
\x00A\
\x00b\x00o\x00u\x00t\x00.\x00q\x00m\x00l\
\x00\x0f\
\x0f\x18:\x9c\
\x00B\
\x00a\x00s\x00i\x00c\x00C\x00o\x00n\x00f\x00i\x00g\x00.\x00q\x00m\x00l\
\x00\x0d\
\x07\xa7\xa0\xfc\
\x00P\
\x00l\x00a\x00y\x00M\x00u\x00s\x00i\x00c\x00.\x00q\x00m\x00l\
\x00\x0d\
\x04\xb7\x99\xdc\
\x00Z\
\x00Y\x00Y\x00W\x00i\x00n\x00d\x00o\x00w\x00.\x00q\x00m\x00l\
\x00\x0f\
\x07\xf8\xfc\xdc\
\x00Z\
\x00Y\x00Y\x00S\x00h\x00o\x00r\x00t\x00c\x00u\x00t\x00.\x00q\x00m\x00l\
\x00\x10\
\x03\x15\xf7\xbc\
\x00Z\
\x00Y\x00Y\x00F\x00o\x00l\x00d\x00e\x00r\x00S\x00e\x00t\x00.\x00q\x00m\x00l\
\x00\x0f\
\x02&]\xfc\
\x00Z\
\x00Y\x00Y\x00C\x00o\x00m\x00b\x00o\x00B\x00o\x00x\x00.\x00q\x00m\x00l\
\x00\x0f\
\x02WG\xbc\
\x00Z\
\x00Y\x00Y\x00C\x00h\x00e\x00c\x00k\x00b\x00o\x00x\x00.\x00q\x00m\x00l\
\x00\x0e\
\x05\xf5\xd5\x9c\
\x00Z\
\x00Y\x00Y\x00C\x00u\x00t\x00L\x00i\x00n\x00e\x00.\x00q\x00m\x00l\
\x00\x12\
\x09]\xd0\x9c\
\x00Z\
\x00Y\x00Y\x00R\x00a\x00d\x00i\x00o\x00B\x00u\x00t\x00t\x00o\x00n\x00.\x00q\x00m\
\x00l\
"

qt_resource_struct = b"\
\x00\x00\x00\x00\x00\x02\x00\x00\x00\x03\x00\x00\x00\x01\
\x00\x00\x00\x00\x00\x00\x00\x00\
\x00\x00\x00\x00\x00\x02\x00\x00\x00\x06\x00\x00\x00\x04\
\x00\x00\x00\x00\x00\x00\x00\x00\
\x00\x00\x00\x0c\x00\x00\x00\x00\x00\x01\x00\x00\x00\x00\
\x00\x00\x01\x9e\x0b\xc2\xb6\x87\
\x00\x00\x00\x1e\x00\x00\x00\x00\x00\x01\x00\x00\x00\x8f\
\x00\x00\x01\x9e\x0b\xc2\xb0\x80\
\x00\x00\x00d\x00\x02\x00\x00\x00\x01\x00\x00\x00(\
\x00\x00\x00\x00\x00\x00\x00\x00\
\x00\x00\x004\x00\x02\x00\x00\x00\x07\x00\x00\x00!\
\x00\x00\x00\x00\x00\x00\x00\x00\
\x00\x00\x00\x8c\x00\x02\x00\x00\x00\x06\x00\x00\x00\x1b\
\x00\x00\x00\x00\x00\x00\x00\x00\
\x00\x00\x00J\x00\x02\x00\x00\x00\x01\x00\x00\x00\x1a\
\x00\x00\x00\x00\x00\x00\x00\x00\
\x00\x00\x00\xa2\x00\x02\x00\x00\x00\x01\x00\x00\x00\x19\
\x00\x00\x00\x00\x00\x00\x00\x00\
\x00\x00\x00t\x00\x02\x00\x00\x00\x03\x00\x00\x00\x0a\
\x00\x00\x00\x00\x00\x00\x00\x00\
\x00\x00\x01\xe6\x00\x00\x00\x00\x00\x01\x00\x00.\x1f\
\x00\x00\x01\x9d\xf3\xfcgw\
\x00\x00\x01\xae\x00\x00\x00\x00\x00\x01\x00\x00+\x9b\
\x00\x00\x01\x9e\x0b\xc2\xbfP\
\x00\x00\x01\xce\x00\x02\x00\x00\x00\x0c\x00\x00\x00\x0d\
\x00\x00\x00\x00\x00\x00\x00\x00\
\x00\x00\x032\x00\x01\x00\x00\x00\x01\x00\x00d\xcd\
\x00\x00\x01\x9e\x17\x9f\x16l\
\x00\x00\x02\x86\x00\x00\x00\x00\x00\x01\x00\x00?a\
\x00\x00\x01\x9e\x0b\xc2\xc6H\
\x00\x00\x02\xb6\x00\x00\x00\x00\x00\x01\x00\x00U\x12\
\x00\x00\x01\x9d\xf3\xfcgx\
\x00\x00\x02\x9c\x00\x00\x00\x00\x00\x01\x00\x00I\x0d\
\x00\x00\x01\x9e\x0b\xd0#\xbb\
\x00\x00\x02@\x00\x01\x00\x00\x00\x01\x00\x009F\
\x00\x00\x01\x9e\x0b\xc2\xc5\x1f\
\x00\x00\x02p\x00\x01\x00\x00\x00\x01\x00\x00<`\
\x00\x00\x01\x9e\x17\x9f\x16\x7f\
\x00\x00\x03\x90\x00\x01\x00\x00\x00\x01\x00\x00v\x9d\
\x00\x00\x01\x9e\x17\xac\xdf\x13\
\x00\x00\x03h\x00\x01\x00\x00\x00\x01\x00\x00n>\
\x00\x00\x01\x9e\x17\xbc\x92\xa9\
\x00\x00\x02\x04\x00\x01\x00\x00\x00\x01\x00\x000\x0c\
\x00\x00\x01\x9e\x0b\xc2\xc8\x94\
\x00\x00\x03N\x00\x01\x00\x00\x00\x01\x00\x00j'\
\x00\x00\x01\x9e\x0b\xc2\xcc\xc3\
\x00\x00\x03\x16\x00\x00\x00\x00\x00\x01\x00\x00^\x06\
\x00\x00\x01\x9e\x0b\xd0#\xbf\
\x00\x00\x02\xec\x00\x01\x00\x00\x00\x01\x00\x00U\xe0\
\x00\x00\x01\x9e\x0b\xc2\xc2}\
\x00\x00\x00\xb8\x00\x00\x00\x00\x00\x01\x00\x00\x04\xe3\
\x00\x00\x01\x9d\xf3\xfcgs\
\x00\x00\x03\xcc\x00\x00\x00\x00\x00\x01\x00\x00~\xe2\
\x00\x00\x01\x9d\xf3\xfcgq\
\x00\x00\x01\x02\x00\x01\x00\x00\x00\x01\x00\x00\x119\
\x00\x00\x01\x9d\xf3\xfcgz\
\x00\x00\x01`\x00\x01\x00\x00\x00\x01\x00\x00!\xce\
\x00\x00\x01\x9e\x0b\xc2\xd0\xab\
\x00\x00\x00\xd6\x00\x01\x00\x00\x00\x01\x00\x00\x052\
\x00\x00\x01\x9e\x12\x9d\xa8\x0e\
\x00\x00\x01F\x00\x01\x00\x00\x00\x01\x00\x00\x19\xb6\
\x00\x00\x01\x9d\xf3\xfcg|\
\x00\x00\x01\x80\x00\x01\x00\x00\x00\x01\x00\x00%\x19\
\x00\x00\x01\x9e\x17\xb9\xab\x9a\
\x00\x00\x01\x1c\x00\x01\x00\x00\x00\x01\x00\x00\x13f\
\x00\x00\x01\x9d\xfd\xac\xa6.\
\x00\x00\x04V\x00\x00\x00\x00\x00\x01\x00\x00\x96-\
\x00\x00\x01\x9e\x0b\xea\xd3\x95\
\x00\x00\x04z\x00\x00\x00\x00\x00\x01\x00\x00\x9f\xcb\
\x00\x00\x01\x9e\x0b\xc2\xb8|\
\x00\x00\x040\x00\x00\x00\x00\x00\x01\x00\x00\x8e\x91\
\x00\x00\x01\x9e\x0b\xc2\xbb\xbc\
\x00\x00\x03\xec\x00\x00\x00\x00\x00\x01\x00\x00\x7f2\
\x00\x00\x01\x9d\xe2w\x7f$\
\x00\x00\x04\x9e\x00\x00\x00\x00\x00\x01\x00\x00\xa5\xbe\
\x00\x00\x01\x9d\xf3\xfcgr\
\x00\x00\x04\x0c\x00\x00\x00\x00\x00\x01\x00\x00\x82\xa3\
\x00\x00\x01\x9e\x0b\xc2\xbe,\
\x00\x00\x04\xc0\x00\x00\x00\x00\x00\x01\x00\x00\xa6\xe4\
\x00\x00\x01\x9e\x0b\xc2\xbc\xe3\
\x00\x00\x03\xa8\x00\x00\x00\x00\x00\x01\x00\x00z`\
\x00\x00\x01\x9e\x11\xca\xdb\x80\
"

def qInitResources():
    QtCore.qRegisterResourceData(0x03, qt_resource_struct, qt_resource_name, qt_resource_data)

def qCleanupResources():
    QtCore.qUnregisterResourceData(0x03, qt_resource_struct, qt_resource_name, qt_resource_data)

qInitResources()
